PassengerId,fSex,fEmbarked,Pclass,Age,SibSp,Parch,Fare,Survived,name_title,name_word_length,name_char_length,cabin_first_letter,ticket_category
1,male,S,3,22,1,0,7.25,0,Mr.,3,16,n,A/5
1,male,S,3,22,1,0,7.25,0,Mr.,3,16,n,A/5
2,female,C,1,38,1,0,71.2833,1,Mrs.,4,18,C,PC
2,female,C,1,38,1,0,71.2833,1,Mrs.,4,18,C,PC
3,female,S,3,26,0,0,7.925,1,Miss.,2,14,n,STON/O2
3,female,S,3,26,0,0,7.925,1,Miss.,2,14,n,STON/O2
4,female,S,1,35,1,0,53.1,1,Mrs.,4,20,C,digit
4,female,S,1,35,1,0,53.1,1,Mrs.,4,20,C,digit
5,male,S,3,35,0,0,8.05,0,Mr.,3,17,n,digit
5,male,S,3,35,0,0,8.05,0,Mr.,3,17,n,digit
6,male,Q,3,35,0,0,8.4583,0,Mr.,2,10,n,digit
6,male,Q,3,35,0,0,8.4583,0,Mr.,2,10,n,digit
7,male,S,1,54,0,0,51.8625,0,Mr.,3,16,E,digit
7,male,S,1,54,0,0,51.8625,0,Mr.,3,16,E,digit
8,male,S,3,2,3,1,21.075,0,Master.,3,19,n,digit
8,male,S,3,2,3,1,21.075,0,Master.,3,19,n,digit
9,female,S,3,27,0,2,11.1333,1,Mrs.,4,13,n,digit
9,female,S,3,27,0,2,11.1333,1,Mrs.,4,13,n,digit
10,female,C,2,14,1,0,30.0708,1,Mrs.,3,14,n,digit
10,female,C,2,14,1,0,30.0708,1,Mrs.,3,14,n,digit
11,female,S,3,4,1,1,16.7,1,Miss.,3,22,o,other
11,female,S,3,4,1,1,16.7,1,Miss.,3,22,o,other
12,female,S,1,58,0,0,26.55,1,Miss.,2,16,C,digit
12,female,S,1,58,0,0,26.55,1,Miss.,2,16,C,digit
13,male,S,3,20,0,0,8.05,0,Mr.,3,23,n,A/5
13,male,S,3,20,0,0,8.05,0,Mr.,3,23,n,A/5
14,male,S,3,39,1,5,31.275,0,Mr.,3,20,n,digit
14,male,S,3,39,1,5,31.275,0,Mr.,3,20,n,digit
15,female,S,3,14,0,0,7.8542,0,Miss.,4,26,n,digit
15,female,S,3,14,0,0,7.8542,0,Miss.,4,26,n,digit
16,female,S,2,55,0,0,16,1,Mrs.,3,7,n,digit
16,female,S,2,55,0,0,16,1,Mrs.,3,7,n,digit
17,male,Q,3,2,4,1,29.125,0,Master.,2,10,n,digit
17,male,Q,3,2,4,1,29.125,0,Master.,2,10,n,digit
18,male,S,2,29,0,0,13,1,Mr.,3,21,n,digit
18,male,S,2,35,0,0,13,1,Mr.,3,21,n,digit
19,female,S,3,31,1,0,18,0,Mrs.,4,18,n,digit
19,female,S,3,31,1,0,18,0,Mrs.,4,18,n,digit
20,female,C,3,18,0,0,7.225,1,Mrs.,2,16,n,digit
20,female,C,3,1,0,0,7.225,1,Mrs.,2,16,n,digit
21,male,S,2,35,0,0,26,0,Mr.,3,13,n,digit
21,male,S,2,35,0,0,26,0,Mr.,3,13,n,digit
22,male,S,2,34,0,0,13,1,Mr.,2,15,D,digit
22,male,S,2,34,0,0,13,1,Mr.,2,15,D,digit
23,female,Q,3,15,0,0,8.0292,1,Miss.,3,18,n,digit
23,female,Q,3,15,0,0,8.0292,1,Miss.,3,18,n,digit
24,male,S,1,28,0,0,35.5,1,Mr.,3,21,o,digit
24,male,S,1,28,0,0,35.5,1,Mr.,3,21,o,digit
25,female,S,3,8,3,1,21.075,0,Miss.,3,20,n,digit
25,female,S,3,8,3,1,21.075,0,Miss.,3,20,n,digit
26,female,S,3,38,1,5,31.3875,1,Mrs.,4,16,n,digit
26,female,S,3,38,1,5,31.3875,1,Mrs.,4,16,n,digit
27,male,C,3,45,0,0,7.225,0,Mr.,3,16,n,digit
27,male,C,3,45,0,0,7.225,0,Mr.,3,16,n,digit
28,male,S,1,19,3,2,263,0,Mr.,3,23,C,digit
28,male,S,1,19,3,2,263,0,Mr.,3,23,C,digit
29,female,Q,3,34,0,0,7.8792,1,Miss.,3,20,n,digit
29,female,Q,3,0.67,0,0,7.8792,1,Miss.,3,20,n,digit
30,male,S,3,24,0,0,7.8958,0,Mr.,2,13,n,digit
30,male,S,3,21,0,0,7.8958,0,Mr.,2,13,n,digit
31,male,C,1,40,0,0,27.7208,0,Nobility,3,16,n,PC
31,male,C,1,40,0,0,27.7208,0,Nobility,3,16,n,PC
32,female,C,1,38,1,0,146.5208,1,Mrs.,4,22,B,PC
32,female,C,1,35,1,0,146.5208,1,Mrs.,4,22,B,PC
33,female,Q,3,34,0,0,7.75,1,Miss.,3,15,n,digit
33,female,Q,3,34,0,0,7.75,1,Miss.,3,15,n,digit
34,male,S,2,66,0,0,10.5,0,Mr.,3,14,n,CA
34,male,S,2,66,0,0,10.5,0,Mr.,3,14,n,CA
35,male,C,1,28,1,0,82.1708,0,Mr.,3,16,n,PC
35,male,C,1,28,1,0,82.1708,0,Mr.,3,16,n,PC
36,male,S,1,42,1,0,52,0,Mr.,3,23,n,digit
36,male,S,1,42,1,0,52,0,Mr.,3,23,n,digit
37,male,C,3,26,0,0,7.2292,1,Mr.,2,10,n,digit
37,male,C,3,9,0,0,7.2292,1,Mr.,2,10,n,digit
38,male,S,3,21,0,0,8.05,0,Mr.,3,17,n,A/5
38,male,S,3,21,0,0,8.05,0,Mr.,3,17,n,A/5
39,female,S,3,18,2,0,18,0,Miss.,4,24,n,digit
39,female,S,3,18,2,0,18,0,Miss.,4,24,n,digit
40,female,C,3,14,1,0,11.2417,1,Miss.,2,19,n,digit
40,female,C,3,14,1,0,11.2417,1,Miss.,2,19,n,digit
41,female,S,3,40,1,0,9.475,0,Mrs.,3,10,n,digit
41,female,S,3,40,1,0,9.475,0,Mrs.,3,10,n,digit
42,female,S,2,27,1,0,21,0,Mrs.,5,23,n,digit
42,female,S,2,27,1,0,21,0,Mrs.,5,23,n,digit
43,male,C,3,45,0,0,7.8958,0,Mr.,2,13,n,digit
43,male,C,3,45,0,0,7.8958,0,Mr.,2,13,n,digit
44,female,C,2,3,1,2,41.5792,1,Miss.,5,29,n,SC/Paris
44,female,C,2,3,1,2,41.5792,1,Miss.,5,29,n,SC/Paris
45,female,Q,3,19,0,0,7.8792,1,Miss.,3,20,n,digit
45,female,Q,3,19,0,0,7.8792,1,Miss.,3,20,n,digit
46,male,S,3,32,0,0,8.05,0,Mr.,3,17,n,other
46,male,S,3,32,0,0,8.05,0,Mr.,3,17,n,other
47,male,Q,3,32,1,0,15.5,0,Mr.,2,11,n,digit
47,male,Q,3,32,1,0,15.5,0,Mr.,2,11,n,digit
48,female,Q,3,25,0,0,7.75,1,Miss.,2,17,n,digit
48,female,Q,3,34,0,0,7.75,1,Miss.,2,17,n,digit
49,male,C,3,24,2,0,21.6792,0,Mr.,2,13,n,digit
49,male,C,3,20,2,0,21.6792,0,Mr.,2,13,n,digit
50,female,S,3,18,1,0,17.8,0,Mrs.,3,19,n,digit
50,female,S,3,18,1,0,17.8,0,Mrs.,3,19,n,digit
51,male,S,3,7,4,1,39.6875,0,Master.,3,15,n,digit
51,male,S,3,7,4,1,39.6875,0,Master.,3,15,n,digit
52,male,S,3,21,0,0,7.8,0,Mr.,3,21,n,A/4
52,male,S,3,21,0,0,7.8,0,Mr.,3,21,n,A/4
53,female,C,1,49,1,0,76.7292,1,Mrs.,4,18,D,PC
53,female,C,1,49,1,0,76.7292,1,Mrs.,4,18,D,PC
54,female,S,2,29,1,0,26,1,Mrs.,3,16,n,digit
54,female,S,2,29,1,0,26,1,Mrs.,3,16,n,digit
55,male,C,1,65,0,1,61.9792,0,Mr.,3,23,B,digit
55,male,C,1,65,0,1,61.9792,0,Mr.,3,23,B,digit
56,male,S,1,27,0,0,35.5,1,Mr.,2,11,C,digit
56,male,S,1,52,0,0,35.5,1,Mr.,2,11,C,digit
57,female,S,2,21,0,0,10.5,1,Miss.,2,9,n,CA
57,female,S,2,21,0,0,10.5,1,Miss.,2,9,n,CA
58,male,C,3,28.5,0,0,7.2292,0,Mr.,2,13,n,digit
58,male,C,3,28.5,0,0,7.2292,0,Mr.,2,13,n,digit
59,female,S,2,5,1,2,27.75,1,Miss.,3,19,n,CA
59,female,S,2,5,1,2,27.75,1,Miss.,3,19,n,CA
60,male,S,3,11,5,2,46.9,0,Master.,3,23,n,CA
60,male,S,3,11,5,2,46.9,0,Master.,3,23,n,CA
61,male,C,3,22,0,0,7.2292,0,Mr.,2,15,n,digit
61,male,C,3,22,0,0,7.2292,0,Mr.,2,15,n,digit
62,female,S,1,38,0,0,80,1,Miss.,2,11,B,digit
62,female,C,1,38,0,0,80,1,Miss.,2,11,B,digit
63,male,S,1,45,1,0,83.475,0,Mr.,3,20,C,digit
63,male,S,1,45,1,0,83.475,0,Mr.,3,20,C,digit
64,male,S,3,4,3,2,27.9,0,Master.,2,11,n,digit
64,male,S,3,4,3,2,27.9,0,Master.,2,11,n,digit
65,male,C,1,50,0,0,27.7208,0,Mr.,3,14,n,PC
65,male,C,1,54,0,0,27.7208,0,Mr.,3,14,n,PC
66,male,C,3,4,1,1,15.2458,1,Master.,2,14,n,digit
66,male,C,3,7,1,1,15.2458,1,Master.,2,14,n,digit
67,female,S,2,29,0,0,10.5,1,Mrs.,2,3,o,CA
67,female,S,2,29,0,0,10.5,1,Mrs.,2,3,o,CA
68,male,S,3,19,0,0,8.1583,0,Mr.,3,17,n,other
68,male,S,3,19,0,0,8.1583,0,Mr.,3,17,n,other
69,female,S,3,17,4,2,7.925,1,Miss.,3,22,n,digit
69,female,S,3,17,4,2,7.925,1,Miss.,3,22,n,digit
70,male,S,3,26,2,0,8.6625,0,Mr.,2,11,n,digit
70,male,S,3,26,2,0,8.6625,0,Mr.,2,11,n,digit
71,male,S,2,32,0,0,10.5,0,Mr.,3,19,n,CA
71,male,S,2,32,0,0,10.5,0,Mr.,3,19,n,CA
72,female,S,3,16,5,2,46.9,0,Miss.,3,17,n,CA
72,female,S,3,16,5,2,46.9,0,Miss.,3,17,n,CA
73,male,S,2,21,0,0,73.5,0,Mr.,3,13,n,SOC
73,male,S,2,21,0,0,73.5,0,Mr.,3,13,n,SOC
74,male,C,3,26,1,0,14.4542,0,Mr.,2,21,n,digit
74,male,C,3,26,1,0,14.4542,0,Mr.,2,21,n,digit
75,male,S,3,32,0,0,56.4958,1,Mr.,2,7,n,digit
75,male,S,3,32,0,0,56.4958,1,Mr.,2,7,n,digit
76,male,S,3,25,0,0,7.65,0,Mr.,3,16,o,digit
76,male,S,3,25,0,0,7.65,0,Mr.,3,16,o,digit
77,male,S,3,24,0,0,7.8958,0,Mr.,2,11,n,digit
77,male,S,3,24,0,0,7.8958,0,Mr.,2,11,n,digit
78,male,S,3,21,0,0,8.05,0,Mr.,3,17,n,digit
78,male,S,3,21,0,0,8.05,0,Mr.,3,17,n,digit
79,male,S,2,0.83,0,2,29,1,Master.,3,18,n,digit
79,male,S,2,0.83,0,2,29,1,Master.,3,18,n,digit
80,female,S,3,30,0,0,12.475,1,Miss.,2,16,n,digit
80,female,S,3,30,0,0,12.475,1,Miss.,2,16,n,digit
81,male,S,3,22,0,0,9,0,Mr.,2,14,n,digit
81,male,S,3,22,0,0,9,0,Mr.,2,14,n,digit
82,male,S,3,29,0,0,9.5,1,Mr.,3,20,n,digit
82,male,S,3,29,0,0,9.5,1,Mr.,3,20,n,digit
83,female,Q,3,34,0,0,7.7875,1,Miss.,3,21,n,digit
83,female,Q,3,34,0,0,7.7875,1,Miss.,3,21,n,digit
84,male,S,1,28,0,0,47.1,0,Mr.,3,16,n,digit
84,male,S,1,28,0,0,47.1,0,Mr.,3,16,n,digit
85,female,S,2,17,0,0,10.5,1,Miss.,2,11,n,other
85,female,S,2,17,0,0,10.5,1,Miss.,2,11,n,other
86,female,S,3,33,3,0,15.85,1,Mrs.,4,19,n,digit
86,female,S,3,33,3,0,15.85,1,Mrs.,4,19,n,digit
87,male,S,3,16,1,3,34.375,0,Mr.,3,15,n,W/C
87,male,S,3,16,1,3,34.375,0,Mr.,3,15,n,W/C
88,male,S,3,21,0,0,8.05,0,Mr.,3,22,n,SOTON/OQ
88,male,S,3,24,0,0,8.05,0,Mr.,3,22,n,SOTON/OQ
89,female,S,1,23,3,2,263,1,Miss.,3,17,C,digit
89,female,S,1,23,3,2,263,1,Miss.,3,17,C,digit
90,male,S,3,24,0,0,8.05,0,Mr.,2,16,n,digit
90,male,S,3,24,0,0,8.05,0,Mr.,2,16,n,digit
91,male,S,3,29,0,0,8.05,0,Mr.,2,14,n,digit
91,male,S,3,29,0,0,8.05,0,Mr.,2,14,n,digit
92,male,S,3,20,0,0,7.8542,0,Mr.,3,19,n,digit
92,male,S,3,20,0,0,7.8542,0,Mr.,3,19,n,digit
93,male,S,1,46,1,0,61.175,0,Mr.,3,20,E,other
93,male,S,1,46,1,0,61.175,0,Mr.,3,20,E,other
94,male,S,3,26,1,2,20.575,0,Mr.,3,16,n,CA
94,male,S,3,26,1,2,20.575,0,Mr.,3,16,n,CA
95,male,S,3,59,0,0,7.25,0,Mr.,2,11,n,digit
95,male,S,3,59,0,0,7.25,0,Mr.,2,11,n,digit
96,male,S,3,21,0,0,8.05,0,Mr.,3,20,n,digit
96,male,S,3,21,0,0,8.05,0,Mr.,3,20,n,digit
97,male,C,1,71,0,0,34.6542,0,Mr.,3,18,o,PC
97,male,C,1,71,0,0,34.6542,0,Mr.,3,18,o,PC
98,male,C,1,23,0,1,63.3583,1,Mr.,3,24,D,PC
98,male,C,1,23,0,1,63.3583,1,Mr.,3,24,D,PC
99,female,S,2,34,0,1,23,1,Mrs.,4,11,n,digit
99,female,S,2,34,0,1,23,1,Mrs.,4,11,n,digit
100,male,S,2,34,1,0,26,0,Mr.,2,11,n,digit
100,male,S,2,34,1,0,26,0,Mr.,2,11,n,digit
101,female,S,3,28,0,0,7.8958,0,Miss.,2,15,n,digit
101,female,S,3,28,0,0,7.8958,0,Miss.,2,15,n,digit
102,male,S,3,24,0,0,7.8958,0,Mr.,3,14,n,digit
102,male,S,3,24,0,0,7.8958,0,Mr.,3,14,n,digit
103,male,S,1,21,0,1,77.2875,0,Mr.,3,18,D,digit
103,male,S,1,21,0,1,77.2875,0,Mr.,3,18,D,digit
104,male,S,3,33,0,0,8.6542,0,Mr.,3,19,n,digit
104,male,S,3,33,0,0,8.6542,0,Mr.,3,19,n,digit
105,male,S,3,37,2,0,7.925,0,Mr.,3,23,n,digit
105,male,S,3,37,2,0,7.925,0,Mr.,3,23,n,digit
106,male,S,3,28,0,0,7.8958,0,Mr.,2,15,n,digit
106,male,S,3,28,0,0,7.8958,0,Mr.,2,15,n,digit
107,female,S,3,21,0,0,7.65,1,Miss.,3,23,n,digit
107,female,S,3,21,0,0,7.65,1,Miss.,3,23,n,digit
108,male,S,3,16,0,0,7.775,1,Mr.,3,15,n,digit
108,male,S,3,16,0,0,7.775,1,Mr.,3,15,n,digit
109,male,S,3,38,0,0,7.8958,0,Mr.,2,9,n,digit
109,male,S,3,38,0,0,7.8958,0,Mr.,2,9,n,digit
110,female,Q,3,4,1,0,24.15,1,Miss.,2,11,n,digit
110,female,Q,3,6,1,0,24.15,1,Miss.,2,11,n,digit
111,male,S,1,47,0,0,52,0,Mr.,3,23,C,digit
111,male,S,1,47,0,0,52,0,Mr.,3,23,C,digit
112,female,C,3,14.5,1,0,14.4542,0,Miss.,2,12,n,digit
112,female,C,3,14.5,1,0,14.4542,0,Miss.,2,12,n,digit
113,male,S,3,22,0,0,8.05,0,Mr.,3,15,n,digit
113,male,S,3,22,0,0,8.05,0,Mr.,3,15,n,digit
114,female,S,3,20,1,0,9.825,0,Miss.,2,15,n,digit
114,female,S,3,20,1,0,9.825,0,Miss.,2,15,n,digit
115,female,C,3,17,0,0,14.4583,0,Miss.,2,13,n,digit
115,female,C,3,17,0,0,14.4583,0,Miss.,2,13,n,digit
116,male,S,3,21,0,0,7.925,0,Mr.,2,15,n,STON/O 2
116,male,S,3,21,0,0,7.925,0,Mr.,2,15,n,STON/O 2
117,male,Q,3,70.5,0,0,7.75,0,Mr.,2,14,n,digit
117,male,Q,3,70.5,0,0,7.75,0,Mr.,2,14,n,digit
118,male,S,2,29,1,0,21,0,Mr.,4,23,n,digit
118,male,S,2,29,1,0,21,0,Mr.,4,23,n,digit
119,male,C,1,24,0,1,247.5208,0,Mr.,3,17,B,PC
119,male,C,1,24,0,1,247.5208,0,Mr.,3,17,B,PC
120,female,S,3,2,4,2,31.275,0,Miss.,4,23,n,digit
120,female,S,3,2,4,2,31.275,0,Miss.,4,23,n,digit
121,male,S,2,21,2,0,73.5,0,Mr.,3,20,n,SOC
121,male,S,2,21,2,0,73.5,0,Mr.,3,20,n,SOC
122,male,S,3,24,0,0,8.05,0,Mr.,3,19,n,other
122,male,S,3,24,0,0,8.05,0,Mr.,3,19,n,other
123,male,C,2,32.5,1,0,30.0708,0,Mr.,2,14,n,digit
123,male,C,2,32.5,1,0,30.0708,0,Mr.,2,14,n,digit
124,female,S,2,32.5,0,0,13,1,Miss.,2,11,E,digit
124,female,S,2,32.5,0,0,13,1,Miss.,2,11,E,digit
125,male,S,1,54,0,1,77.2875,0,Mr.,3,20,D,digit
125,male,S,1,54,0,1,77.2875,0,Mr.,3,20,D,digit
126,male,C,3,12,1,0,11.2417,1,Master.,2,18,n,digit
126,male,C,3,12,1,0,11.2417,1,Master.,2,18,n,digit
127,male,Q,3,35,0,0,7.75,0,Mr.,2,13,n,digit
127,male,Q,3,35,0,0,7.75,0,Mr.,2,13,n,digit
128,male,S,3,24,0,0,7.1417,1,Mr.,3,18,n,C
128,male,S,3,24,0,0,7.1417,1,Mr.,3,18,n,C
129,female,C,3,9,1,1,22.3583,1,Miss.,2,9,o,digit
129,female,C,3,9,1,1,22.3583,1,Miss.,2,9,o,digit
130,male,S,3,45,0,0,6.975,0,Mr.,2,12,n,digit
130,male,S,3,45,0,0,6.975,0,Mr.,2,12,n,digit
131,male,C,3,33,0,0,7.8958,0,Mr.,2,14,n,digit
131,male,C,3,33,0,0,7.8958,0,Mr.,2,14,n,digit
132,male,S,3,20,0,0,7.05,0,Mr.,3,23,n,SOTON/OQ
132,male,S,3,20,0,0,7.05,0,Mr.,3,23,n,SOTON/OQ
133,female,S,3,47,1,0,14.5,0,Mrs.,4,16,n,A/5
133,female,S,3,47,1,0,14.5,0,Mrs.,4,16,n,A/5
134,female,S,2,29,1,0,26,1,Mrs.,3,12,n,digit
134,female,S,2,29,1,0,26,1,Mrs.,3,12,n,digit
135,male,S,2,25,0,0,13,0,Mr.,4,22,n,CA
135,male,S,2,25,0,0,13,0,Mr.,4,22,n,CA
136,male,C,2,23,0,0,15.0458,0,Mr.,2,12,n,SC/PARIS
136,male,C,2,23,0,0,15.0458,0,Mr.,2,12,n,SC/PARIS
137,female,S,1,19,0,2,26.2833,1,Miss.,3,19,D,digit
137,female,S,1,19,0,2,26.2833,1,Miss.,3,19,D,digit
138,male,S,1,37,1,0,53.1,0,Mr.,3,20,C,digit
138,male,S,1,37,1,0,53.1,0,Mr.,3,20,C,digit
139,male,S,3,16,0,0,9.2167,0,Mr.,3,12,n,digit
139,male,S,3,16,0,0,9.2167,0,Mr.,3,12,n,digit
140,male,C,1,24,0,0,79.2,0,Mr.,2,12,B,PC
140,male,C,1,24,0,0,79.2,0,Mr.,2,12,B,PC
141,female,C,3,54,0,2,15.2458,0,Mrs.,3,12,n,digit
141,female,C,3,54,0,2,15.2458,0,Mrs.,3,12,n,digit
142,female,S,3,22,0,0,7.75,1,Miss.,3,15,n,digit
142,female,S,3,22,0,0,7.75,1,Miss.,3,15,n,digit
143,female,S,3,24,1,0,15.85,1,Mrs.,4,23,n,STON/O2
143,female,S,3,24,1,0,15.85,1,Mrs.,4,23,n,STON/O2
144,male,Q,3,19,0,0,6.75,0,Mr.,2,13,n,digit
144,male,Q,3,19,0,0,6.75,0,Mr.,2,13,n,digit
145,male,S,2,18,0,0,11.5,0,Mr.,3,19,n,digit
145,male,S,2,18,0,0,11.5,0,Mr.,3,19,n,digit
146,male,S,2,19,1,1,36.75,0,Mr.,3,21,n,CA
146,male,S,2,19,1,1,36.75,0,Mr.,3,21,n,CA
147,male,S,3,27,0,0,7.7958,1,Mr.,4,21,n,digit
147,male,S,3,27,0,0,7.7958,1,Mr.,4,21,n,digit
148,female,S,3,9,2,2,34.375,0,Miss.,4,22,n,W/C
148,female,S,3,9,2,2,34.375,0,Miss.,4,22,n,W/C
149,male,S,2,36.5,0,2,26,0,Mr.,3,14,o,digit
149,male,S,2,36.5,0,2,26,0,Mr.,3,14,o,digit
150,male,S,2,42,0,0,13,0,Rev.,4,24,n,digit
150,male,S,2,42,0,0,13,0,Rev.,4,24,n,digit
151,male,S,2,51,0,0,12.525,0,Rev.,3,18,n,other
151,male,S,2,51,0,0,12.525,0,Rev.,3,18,n,other
152,female,S,1,22,1,0,66.6,1,Mrs.,3,11,C,digit
152,female,S,1,22,1,0,66.6,1,Mrs.,3,11,C,digit
153,male,S,3,55.5,0,0,8.05,0,Mr.,2,10,n,other
153,male,S,3,55.5,0,0,8.05,0,Mr.,2,10,n,other
154,male,S,3,40.5,0,2,14.5,0,Mr.,4,23,n,A/5
154,male,S,3,40.5,0,2,14.5,0,Mr.,4,23,n,A/5
155,male,S,3,24,0,0,7.3125,0,Mr.,3,14,n,other
155,male,S,3,24,0,0,7.3125,0,Mr.,3,14,n,other
156,male,C,1,51,0,1,61.3792,0,Mr.,3,20,n,PC
156,male,C,1,51,0,1,61.3792,0,Mr.,3,20,n,PC
157,female,Q,3,16,0,0,7.7333,1,Miss.,3,23,n,digit
157,female,Q,3,16,0,0,7.7333,1,Miss.,3,23,n,digit
158,male,S,3,30,0,0,8.05,0,Mr.,2,9,n,SOTON/OQ
158,male,S,3,30,0,0,8.05,0,Mr.,2,9,n,SOTON/OQ
159,male,S,3,21,0,0,8.6625,0,Mr.,2,13,n,digit
159,male,S,3,24,0,0,8.6625,0,Mr.,2,13,n,digit
160,male,S,3,5,8,2,69.55,0,Master.,3,15,n,CA
160,male,S,3,3,8,2,69.55,0,Master.,3,15,n,CA
161,male,S,3,44,0,1,16.1,0,Mr.,3,17,n,digit
161,male,S,3,44,0,1,16.1,0,Mr.,3,17,n,digit
162,female,S,2,40,0,0,15.75,1,Mrs.,3,9,n,CA
162,female,S,2,40,0,0,15.75,1,Mrs.,3,9,n,CA
163,male,S,3,26,0,0,7.775,0,Mr.,3,19,n,digit
163,male,S,3,26,0,0,7.775,0,Mr.,3,19,n,digit
164,male,S,3,17,0,0,8.6625,0,Mr.,2,9,n,digit
164,male,S,3,17,0,0,8.6625,0,Mr.,2,9,n,digit
165,male,S,3,1,4,1,39.6875,0,Master.,3,17,n,digit
165,male,S,3,1,4,1,39.6875,0,Master.,3,17,n,digit
166,male,S,3,9,0,2,20.525,1,Master.,5,34,n,digit
166,male,S,3,9,0,2,20.525,1,Master.,5,34,n,digit
167,female,S,1,50,0,1,55,1,Mrs.,2,8,E,digit
167,female,S,1,50,0,1,55,1,Mrs.,2,8,E,digit
168,female,S,3,45,1,4,27.9,0,Mrs.,3,12,n,digit
168,female,S,3,45,1,4,27.9,0,Mrs.,3,12,n,digit
169,male,S,1,40,0,0,25.925,0,Mr.,3,12,n,PC
169,male,S,1,38,0,0,25.925,0,Mr.,3,12,n,PC
170,male,S,3,28,0,0,56.4958,0,Mr.,2,7,n,digit
170,male,S,3,28,0,0,56.4958,0,Mr.,2,7,n,digit
171,male,S,1,61,0,0,33.5,0,Mr.,4,17,B,digit
171,male,S,1,61,0,0,33.5,0,Mr.,4,17,B,digit
172,male,Q,3,4,4,1,29.125,0,Master.,2,10,n,digit
172,male,Q,3,4,4,1,29.125,0,Master.,2,10,n,digit
173,female,S,3,1,1,1,11.1333,1,Miss.,3,19,n,digit
173,female,S,3,1,1,1,11.1333,1,Miss.,3,19,n,digit
174,male,S,3,21,0,0,7.925,0,Mr.,3,18,n,STON/O 2
174,male,S,3,21,0,0,7.925,0,Mr.,3,18,n,STON/O 2
175,male,C,1,56,0,0,30.6958,0,Mr.,3,16,o,digit
175,male,C,1,56,0,0,30.6958,0,Mr.,3,16,o,digit
176,male,S,3,18,1,1,7.8542,0,Mr.,3,15,n,digit
176,male,S,3,18,1,1,7.8542,0,Mr.,3,15,n,digit
177,male,S,3,7,3,1,25.4667,0,Master.,3,18,n,digit
177,male,S,3,38,3,1,25.4667,0,Master.,3,18,n,digit
178,female,C,1,50,0,0,28.7125,0,Miss.,3,17,C,PC
178,female,C,1,50,0,0,28.7125,0,Miss.,3,17,C,PC
179,male,S,2,30,0,0,13,0,Mr.,2,12,n,digit
179,male,S,2,30,0,0,13,0,Mr.,2,12,n,digit
180,male,S,3,36,0,0,0,0,Mr.,2,13,n,LINE
180,male,S,3,36,0,0,0,0,Mr.,2,13,n,LINE
181,female,S,3,5,8,2,69.55,0,Miss.,3,19,n,CA
181,female,S,3,5,8,2,69.55,0,Miss.,3,19,n,CA
182,male,C,2,23,0,0,15.05,0,Mr.,2,10,n,SC/PARIS
182,male,C,2,36.5,0,0,15.05,0,Mr.,2,10,n,SC/PARIS
183,male,S,3,9,4,2,31.3875,0,Master.,4,25,n,digit
183,male,S,3,9,4,2,31.3875,0,Master.,4,25,n,digit
184,male,S,2,1,2,1,39,1,Master.,3,14,o,digit
184,male,S,2,1,2,1,39,1,Master.,3,14,o,digit
185,female,S,3,4,0,2,22.025,1,Miss.,3,26,n,digit
185,female,S,3,4,0,2,22.025,1,Miss.,3,26,n,digit
186,male,S,1,40,0,0,50,0,Mr.,3,14,o,digit
186,male,S,1,38,0,0,50,0,Mr.,3,14,o,digit
187,female,Q,3,6,1,0,15.5,1,Mrs.,3,13,n,digit
187,female,Q,3,6,1,0,15.5,1,Mrs.,3,13,n,digit
188,male,S,1,45,0,0,26.55,1,Mr.,4,21,n,digit
188,male,S,1,45,0,0,26.55,1,Mr.,4,21,n,digit
189,male,Q,3,40,1,1,15.5,0,Mr.,2,10,n,digit
189,male,Q,3,40,1,1,15.5,0,Mr.,2,10,n,digit
190,male,S,3,36,0,0,7.8958,0,Mr.,2,13,n,digit
190,male,S,3,36,0,0,7.8958,0,Mr.,2,13,n,digit
191,female,S,2,32,0,0,13,1,Mrs.,2,6,n,digit
191,female,S,2,32,0,0,13,1,Mrs.,2,6,n,digit
192,male,S,2,19,0,0,13,0,Mr.,2,15,n,digit
192,male,S,2,19,0,0,13,0,Mr.,2,15,n,digit
193,female,S,3,19,1,0,7.8542,1,Miss.,4,37,n,digit
193,female,S,3,19,1,0,7.8542,1,Miss.,4,37,n,digit
194,male,S,2,3,1,1,26,1,Master.,3,15,o,digit
194,male,S,2,3,1,1,26,1,Master.,3,15,o,digit
195,female,C,1,44,0,0,27.7208,1,Mrs.,4,16,B,PC
195,female,C,1,44,0,0,27.7208,1,Mrs.,4,16,B,PC
196,female,C,1,58,0,0,146.5208,1,Miss.,2,12,B,PC
196,female,C,1,58,0,0,146.5208,1,Miss.,2,12,B,PC
197,male,Q,3,39,0,0,7.75,0,Mr.,2,13,n,digit
197,male,Q,3,35,0,0,7.75,0,Mr.,2,13,n,digit
198,male,S,3,42,0,1,8.4042,0,Mr.,4,24,n,digit
198,male,S,3,42,0,1,8.4042,0,Mr.,4,24,n,digit
199,female,Q,3,34,0,0,7.75,1,Miss.,3,23,n,digit
199,female,Q,3,34,0,0,7.75,1,Miss.,3,23,n,digit
200,female,S,2,24,0,0,13,0,Miss.,3,14,n,digit
200,female,S,2,24,0,0,13,0,Miss.,3,14,n,digit
201,male,S,3,28,0,0,9.5,0,Mr.,4,22,n,digit
201,male,S,3,28,0,0,9.5,0,Mr.,4,22,n,digit
202,male,S,3,3,8,2,69.55,0,Mr.,2,13,n,CA
202,male,S,3,5,8,2,69.55,0,Mr.,2,13,n,CA
203,male,S,3,34,0,0,6.4958,0,Mr.,3,19,n,digit
203,male,S,3,34,0,0,6.4958,0,Mr.,3,19,n,digit
204,male,C,3,45.5,0,0,7.225,0,Mr.,2,14,n,digit
204,male,C,3,45.5,0,0,7.225,0,Mr.,2,14,n,digit
205,male,S,3,18,0,0,8.05,1,Mr.,3,17,n,A/5
205,male,S,3,18,0,0,8.05,1,Mr.,3,17,n,A/5
206,female,S,3,2,0,1,10.4625,0,Miss.,3,17,o,digit
206,female,S,3,2,0,1,10.4625,0,Miss.,3,17,o,digit
207,male,S,3,32,1,0,15.85,0,Mr.,3,19,n,digit
207,male,S,3,32,1,0,15.85,0,Mr.,3,19,n,digit
208,male,C,3,26,0,0,18.7875,1,Mr.,3,20,n,digit
208,male,C,3,26,0,0,18.7875,1,Mr.,3,20,n,digit
209,female,Q,3,16,0,0,7.75,1,Miss.,3,16,n,digit
209,female,Q,3,16,0,0,7.75,1,Miss.,3,16,n,digit
210,male,C,1,40,0,0,31,1,Mr.,2,10,o,digit
210,male,C,1,40,0,0,31,1,Mr.,2,10,o,digit
211,male,S,3,24,0,0,7.05,0,Mr.,2,8,n,SOTON/OQ
211,male,S,3,24,0,0,7.05,0,Mr.,2,8,n,SOTON/OQ
212,female,S,2,35,0,0,21,1,Miss.,3,17,n,FCC
212,female,S,2,35,0,0,21,1,Miss.,3,17,n,FCC
213,male,S,3,22,0,0,7.25,0,Mr.,3,15,n,A/5
213,male,S,3,22,0,0,7.25,0,Mr.,3,15,n,A/5
214,male,S,2,30,0,0,13,0,Mr.,3,20,n,digit
214,male,S,2,30,0,0,13,0,Mr.,3,20,n,digit
215,male,Q,3,1,1,0,7.75,0,Mr.,2,13,n,digit
215,male,Q,3,32,1,0,7.75,0,Mr.,2,13,n,digit
216,female,C,1,31,1,0,113.275,1,Miss.,2,15,D,digit
216,female,C,1,31,1,0,113.275,1,Miss.,2,15,D,digit
217,female,S,3,27,0,0,7.925,1,Miss.,2,14,n,STON/O2
217,female,S,3,27,0,0,7.925,1,Miss.,2,14,n,STON/O2
218,male,S,2,42,1,0,27,0,Mr.,3,21,n,digit
218,male,S,2,42,1,0,27,0,Mr.,3,21,n,digit
219,female,C,1,32,0,0,76.2917,1,Miss.,2,13,D,digit
219,female,C,1,32,0,0,76.2917,1,Miss.,2,13,D,digit
220,male,S,2,30,0,0,10.5,0,Mr.,2,12,n,W/C
220,male,S,2,30,0,0,10.5,0,Mr.,2,12,n,W/C
221,male,S,3,16,0,0,8.05,1,Mr.,3,23,n,SOTON/OQ
221,male,S,3,16,0,0,8.05,1,Mr.,3,23,n,SOTON/OQ
222,male,S,2,27,0,0,13,0,Mr.,3,13,n,digit
222,male,S,2,27,0,0,13,0,Mr.,3,13,n,digit
223,male,S,3,51,0,0,8.05,0,Mr.,3,16,n,digit
223,male,S,3,51,0,0,8.05,0,Mr.,3,16,n,digit
224,male,S,3,21,0,0,7.8958,0,Mr.,2,14,n,digit
224,male,S,3,24,0,0,7.8958,0,Mr.,2,14,n,digit
225,male,S,1,38,1,0,90,1,Mr.,3,21,C,digit
225,male,S,1,38,1,0,90,1,Mr.,3,21,C,digit
226,male,S,3,22,0,0,9.35,0,Mr.,4,20,n,other
226,male,S,3,22,0,0,9.35,0,Mr.,4,20,n,other
227,male,S,2,19,0,0,10.5,1,Mr.,3,18,n,other
227,male,S,2,19,0,0,10.5,1,Mr.,3,18,n,other
228,male,S,3,20.5,0,0,7.25,0,Mr.,4,14,n,A/5
228,male,S,3,20.5,0,0,7.25,0,Mr.,4,14,n,A/5
229,male,S,2,18,0,0,13,0,Mr.,3,18,n,digit
229,male,S,2,18,0,0,13,0,Mr.,3,18,n,digit
230,female,S,3,10,3,1,25.4667,0,Miss.,2,15,n,digit
230,female,S,3,10,3,1,25.4667,0,Miss.,2,15,n,digit
231,female,S,1,35,1,0,83.475,1,Mrs.,4,20,C,digit
231,female,S,1,35,1,0,83.475,1,Mrs.,4,20,C,digit
232,male,S,3,29,0,0,7.775,0,Mr.,3,17,n,digit
232,male,S,3,29,0,0,7.775,0,Mr.,3,17,n,digit
233,male,S,2,59,0,0,13.5,0,Mr.,3,18,n,digit
233,male,S,2,59,0,0,13.5,0,Mr.,3,18,n,digit
234,female,S,3,5,4,2,31.3875,1,Miss.,3,21,n,digit
234,female,S,3,5,4,2,31.3875,1,Miss.,3,21,n,digit
235,male,S,2,24,0,0,10.5,0,Mr.,4,25,n,CA
235,male,S,2,24,0,0,10.5,0,Mr.,4,25,n,CA
236,female,S,3,19,0,0,7.55,0,Miss.,3,19,n,W/C
236,female,S,3,19,0,0,7.55,0,Miss.,3,19,n,W/C
237,male,S,2,44,1,0,26,0,Mr.,2,11,n,digit
237,male,S,2,44,1,0,26,0,Mr.,2,11,n,digit
238,female,S,2,8,0,2,26.25,1,Miss.,3,23,n,CA
238,female,S,2,8,0,2,26.25,1,Miss.,3,23,n,CA
239,male,S,2,19,0,0,10.5,0,Mr.,3,24,n,digit
239,male,S,2,19,0,0,10.5,0,Mr.,3,24,n,digit
240,male,S,2,33,0,0,12.275,0,Mr.,3,15,n,other
240,male,S,2,33,0,0,12.275,0,Mr.,3,15,n,other
241,female,C,3,27,1,0,14.4542,0,Miss.,2,13,n,digit
241,female,C,3,26,1,0,14.4542,0,Miss.,2,13,n,digit
242,female,Q,3,40,1,0,15.5,1,Miss.,3,21,n,digit
242,female,Q,3,6,1,0,15.5,1,Miss.,3,21,n,digit
243,male,S,2,29,0,0,10.5,0,Mr.,3,24,n,W/C
243,male,S,2,29,0,0,10.5,0,Mr.,3,24,n,W/C
244,male,S,3,22,0,0,7.125,0,Mr.,3,22,n,STON/O 2
244,male,S,3,22,0,0,7.125,0,Mr.,3,22,n,STON/O 2
245,male,C,3,30,0,0,7.225,0,Mr.,2,14,n,digit
245,male,C,3,30,0,0,7.225,0,Mr.,2,14,n,digit
246,male,Q,1,44,2,0,90,0,Dr.,3,20,C,digit
246,male,Q,1,44,2,0,90,0,Dr.,3,20,C,digit
247,female,S,3,25,0,0,7.775,0,Miss.,4,27,n,digit
247,female,S,3,25,0,0,7.775,0,Miss.,4,27,n,digit
248,female,S,2,24,0,2,14.5,1,Mrs.,3,17,n,digit
248,female,S,2,24,0,2,14.5,1,Mrs.,3,17,n,digit
249,male,S,1,37,1,1,52.5542,1,Mr.,3,22,D,digit
249,male,S,1,37,1,1,52.5542,1,Mr.,3,22,D,digit
250,male,S,2,54,1,0,26,0,Rev.,3,21,n,digit
250,male,S,2,54,1,0,26,0,Rev.,3,21,n,digit
251,male,S,3,21,0,0,7.25,0,Mr.,3,15,n,digit
251,male,S,3,21,0,0,7.25,0,Mr.,3,15,n,digit
252,female,S,3,29,1,1,10.4625,0,Mrs.,3,12,o,digit
252,female,S,3,29,1,1,10.4625,0,Mrs.,3,12,o,digit
253,male,S,1,62,0,0,26.55,0,Mr.,3,18,C,digit
253,male,S,1,62,0,0,26.55,0,Mr.,3,18,C,digit
254,male,S,3,30,1,0,16.1,0,Mr.,3,17,n,A/5
254,male,S,3,30,1,0,16.1,0,Mr.,3,17,n,A/5
255,female,S,3,41,0,2,20.2125,0,Mrs.,3,13,n,digit
255,female,S,3,41,0,2,20.2125,0,Mrs.,3,13,n,digit
256,female,C,3,29,0,2,15.2458,1,Mrs.,3,11,n,digit
256,female,C,3,29,0,2,15.2458,1,Mrs.,3,11,n,digit
257,female,C,1,25,0,0,79.2,1,Mrs.,3,22,n,PC
257,female,C,1,28,0,0,79.2,1,Mrs.,3,22,n,PC
258,female,S,1,30,0,0,86.5,1,Miss.,2,12,B,digit
258,female,S,1,30,0,0,86.5,1,Miss.,2,12,B,digit
259,female,C,1,35,0,0,512.3292,1,Miss.,2,8,n,PC
259,female,C,1,35,0,0,512.3292,1,Miss.,2,8,n,PC
260,female,S,2,50,0,1,26,1,Mrs.,2,7,n,digit
260,female,S,2,50,0,1,26,1,Mrs.,2,7,n,digit
261,male,Q,3,35,0,0,7.75,0,Mr.,2,11,n,digit
261,male,Q,3,35,0,0,7.75,0,Mr.,2,11,n,digit
262,male,S,3,3,4,2,31.3875,1,Master.,4,21,n,digit
262,male,S,3,3,4,2,31.3875,1,Master.,4,21,n,digit
263,male,S,1,52,1,1,79.65,0,Mr.,2,11,E,digit
263,male,S,1,52,1,1,79.65,0,Mr.,2,11,E,digit
264,male,S,1,40,0,0,0,0,Mr.,2,15,B,digit
264,male,S,1,40,0,0,0,0,Mr.,2,15,B,digit
265,female,Q,3,36,0,0,7.75,0,Miss.,2,10,n,digit
265,female,Q,3,31,0,0,7.75,0,Miss.,2,10,n,digit
266,male,S,2,36,0,0,10.5,0,Mr.,2,11,n,CA
266,male,S,2,36,0,0,10.5,0,Mr.,2,11,n,CA
267,male,S,3,16,4,1,39.6875,0,Mr.,3,18,n,digit
267,male,S,3,16,4,1,39.6875,0,Mr.,3,18,n,digit
268,male,S,3,25,1,0,7.775,1,Mr.,3,17,n,digit
268,male,S,3,25,1,0,7.775,1,Mr.,3,17,n,digit
269,female,S,1,58,0,1,153.4625,1,Mrs.,4,21,C,PC
269,female,S,1,58,0,1,153.4625,1,Mrs.,4,21,C,PC
270,female,S,1,35,0,0,135.6333,1,Miss.,2,14,C,PC
270,female,S,1,35,0,0,135.6333,1,Miss.,2,14,C,PC
271,male,S,1,39,0,0,31,0,Mr.,2,15,n,digit
271,male,S,1,40,0,0,31,0,Mr.,2,15,n,digit
272,male,S,3,25,0,0,0,1,Mr.,3,21,n,LINE
272,male,S,3,25,0,0,0,1,Mr.,3,21,n,LINE
273,female,S,2,41,0,1,19.5,1,Mrs.,2,9,n,digit
273,female,S,2,41,0,1,19.5,1,Mrs.,2,9,n,digit
274,male,C,1,37,0,1,29.7,0,Mr.,3,14,C,PC
274,male,C,1,37,0,1,29.7,0,Mr.,3,14,C,PC
275,female,Q,3,0.67,0,0,7.75,1,Miss.,3,17,n,digit
275,female,Q,3,25,0,0,7.75,1,Miss.,3,17,n,digit
276,female,S,1,63,1,0,77.9583,1,Miss.,3,24,D,digit
276,female,S,1,63,1,0,77.9583,1,Miss.,3,24,D,digit
277,female,S,3,45,0,0,7.75,0,Miss.,3,24,n,digit
277,female,S,3,45,0,0,7.75,0,Miss.,3,24,n,digit
278,male,S,2,19,0,0,0,0,Mr.,3,20,n,digit
278,male,S,2,19,0,0,0,0,Mr.,3,20,n,digit
279,male,Q,3,7,4,1,29.125,0,Master.,2,8,n,digit
279,male,Q,3,7,4,1,29.125,0,Master.,2,8,n,digit
280,female,S,3,35,1,1,20.25,1,Mrs.,3,13,n,CA
280,female,S,3,35,1,1,20.25,1,Mrs.,3,13,n,CA
281,male,Q,3,65,0,0,7.75,0,Mr.,2,10,n,digit
281,male,Q,3,65,0,0,7.75,0,Mr.,2,10,n,digit
282,male,S,3,28,0,0,7.8542,0,Mr.,4,24,n,digit
282,male,S,3,28,0,0,7.8542,0,Mr.,4,24,n,digit
283,male,S,3,16,0,0,9.5,0,Mr.,3,18,n,digit
283,male,S,3,16,0,0,9.5,0,Mr.,3,18,n,digit
284,male,S,3,19,0,0,8.05,1,Mr.,3,19,n,A/5
284,male,S,3,19,0,0,8.05,1,Mr.,3,19,n,A/5
285,male,S,1,38,0,0,26,0,Mr.,3,19,o,digit
285,male,S,1,39,0,0,26,0,Mr.,3,19,o,digit
286,male,C,3,33,0,0,8.6625,0,Mr.,2,13,n,digit
286,male,C,3,33,0,0,8.6625,0,Mr.,2,13,n,digit
287,male,S,3,30,0,0,9.5,1,Mr.,3,16,n,digit
287,male,S,3,30,0,0,9.5,1,Mr.,3,16,n,digit
288,male,S,3,22,0,0,7.8958,0,Mr.,2,14,n,digit
288,male,S,3,22,0,0,7.8958,0,Mr.,2,14,n,digit
289,male,S,2,42,0,0,13,1,Mr.,2,14,n,digit
289,male,S,2,42,0,0,13,1,Mr.,2,14,n,digit
290,female,Q,3,22,0,0,7.75,1,Miss.,2,12,n,digit
290,female,Q,3,22,0,0,7.75,1,Miss.,2,12,n,digit
291,female,S,1,26,0,0,78.85,1,Miss.,3,19,n,digit
291,female,S,1,26,0,0,78.85,1,Miss.,3,19,n,digit
292,female,C,1,19,1,0,91.0792,1,Mrs.,4,16,B,digit
292,female,C,1,19,1,0,91.0792,1,Mrs.,4,16,B,digit
293,male,C,2,36,0,0,12.875,0,Mr.,3,15,D,SC/Paris
293,male,C,2,36,0,0,12.875,0,Mr.,3,15,D,SC/Paris
294,female,S,3,24,0,0,8.85,0,Miss.,2,11,n,digit
294,female,S,3,24,0,0,8.85,0,Miss.,2,11,n,digit
295,male,S,3,24,0,0,7.8958,0,Mr.,2,10,n,digit
295,male,S,3,24,0,0,7.8958,0,Mr.,2,10,n,digit
296,male,C,1,21,0,0,27.7208,0,Mr.,3,10,n,PC
296,male,C,1,21,0,0,27.7208,0,Mr.,3,10,n,PC
297,male,C,3,23.5,0,0,7.2292,0,Mr.,2,12,n,digit
297,male,C,3,23.5,0,0,7.2292,0,Mr.,2,12,n,digit
298,female,S,1,2,1,2,151.55,0,Miss.,3,19,C,digit
298,female,S,1,2,1,2,151.55,0,Miss.,3,19,C,digit
299,male,S,1,27,0,0,30.5,1,Mr.,2,15,C,digit
299,male,S,1,57,0,0,30.5,1,Mr.,2,15,C,digit
300,female,C,1,50,0,1,247.5208,1,Mrs.,3,11,B,PC
300,female,C,1,50,0,1,247.5208,1,Mrs.,3,11,B,PC
301,female,Q,3,34,0,0,7.75,1,Miss.,5,29,n,digit
301,female,Q,3,0.67,0,0,7.75,1,Miss.,5,29,n,digit
302,male,Q,3,12,2,0,23.25,1,Mr.,2,12,n,digit
302,male,Q,3,1,2,0,23.25,1,Mr.,2,12,n,digit
303,male,S,3,19,0,0,0,0,Mr.,4,23,n,LINE
303,male,S,3,19,0,0,0,0,Mr.,4,23,n,LINE
304,female,Q,2,17,0,0,12.35,1,Miss.,3,10,E,digit
304,female,Q,2,39,0,0,12.35,1,Miss.,3,10,E,digit
305,male,S,3,32,0,0,8.05,0,Mr.,4,25,n,A/5
305,male,S,3,24,0,0,8.05,0,Mr.,4,25,n,A/5
306,male,S,1,0.92,1,2,151.55,1,Master.,3,19,C,digit
306,male,S,1,0.92,1,2,151.55,1,Master.,3,19,C,digit
307,female,C,1,38,0,0,110.8833,1,Miss.,2,15,n,digit
307,female,C,1,62,0,0,110.8833,1,Miss.,2,15,n,digit
308,female,C,1,17,1,0,108.9,1,Mrs.,5,32,C,PC
308,female,C,1,17,1,0,108.9,1,Mrs.,5,32,C,PC
309,male,C,2,30,1,0,24,0,Mr.,2,13,n,other
309,male,C,2,30,1,0,24,0,Mr.,2,13,n,other
310,female,C,1,30,0,0,56.9292,1,Miss.,3,21,E,PC
310,female,C,1,30,0,0,56.9292,1,Miss.,3,21,E,PC
311,female,C,1,24,0,0,83.1583,1,Miss.,3,21,C,digit
311,female,C,1,24,0,0,83.1583,1,Miss.,3,21,C,digit
312,female,C,1,18,2,2,262.375,1,Miss.,3,17,B,PC
312,female,C,1,18,2,2,262.375,1,Miss.,3,17,B,PC
313,female,S,2,26,1,1,26,0,Mrs.,3,15,n,digit
313,female,S,2,26,1,1,26,0,Mrs.,3,15,n,digit
314,male,S,3,28,0,0,7.8958,0,Mr.,2,16,n,digit
314,male,S,3,28,0,0,7.8958,0,Mr.,2,16,n,digit
315,male,S,2,43,1,1,26.25,0,Mr.,2,12,n,FCC
315,male,S,2,43,1,1,26.25,0,Mr.,2,12,n,FCC
316,female,S,3,26,0,0,7.8542,1,Miss.,3,22,n,digit
316,female,S,3,26,0,0,7.8542,1,Miss.,3,22,n,digit
317,female,S,2,24,1,0,26,1,Mrs.,3,11,n,digit
317,female,S,2,24,1,0,26,1,Mrs.,3,11,n,digit
318,male,S,2,54,0,0,14,0,Dr.,2,14,n,digit
318,male,S,2,54,0,0,14,0,Dr.,2,14,n,digit
319,female,S,1,31,0,2,164.8667,1,Miss.,3,15,C,digit
319,female,S,1,31,0,2,164.8667,1,Miss.,3,15,C,digit
320,female,C,1,40,1,1,134.5,1,Mrs.,4,21,E,digit
320,female,C,1,40,1,1,134.5,1,Mrs.,4,21,E,digit
321,male,S,3,22,0,0,7.25,0,Mr.,2,12,n,A/5
321,male,S,3,22,0,0,7.25,0,Mr.,2,12,n,A/5
322,male,S,3,27,0,0,7.8958,0,Mr.,2,10,n,digit
322,male,S,3,27,0,0,7.8958,0,Mr.,2,10,n,digit
323,female,Q,2,30,0,0,12.35,1,Miss.,3,16,n,digit
323,female,Q,2,30,0,0,12.35,1,Miss.,3,16,n,digit
324,female,S,2,22,1,1,29,1,Mrs.,4,21,n,digit
324,female,S,2,22,1,1,29,1,Mrs.,4,21,n,digit
325,male,S,3,5,8,2,69.55,0,Mr.,4,16,n,CA
325,male,S,3,5,8,2,69.55,0,Mr.,4,16,n,CA
326,female,C,1,36,0,0,135.6333,1,Miss.,3,15,C,PC
326,female,C,1,36,0,0,135.6333,1,Miss.,3,15,C,PC
327,male,S,3,61,0,0,6.2375,0,Mr.,3,18,n,digit
327,male,S,3,61,0,0,6.2375,0,Mr.,3,18,n,digit
328,female,S,2,36,0,0,13,1,Mrs.,2,4,D,digit
328,female,S,2,36,0,0,13,1,Mrs.,2,4,D,digit
329,female,S,3,31,1,1,20.525,1,Mrs.,4,18,n,digit
329,female,S,3,31,1,1,20.525,1,Mrs.,4,18,n,digit
330,female,C,1,16,0,1,57.9792,1,Miss.,3,19,B,digit
330,female,C,1,16,0,1,57.9792,1,Miss.,3,19,B,digit
331,female,Q,3,4,2,0,23.25,1,Miss.,2,10,n,digit
331,female,Q,3,4,2,0,23.25,1,Miss.,2,10,n,digit
332,male,S,1,45.5,0,0,28.5,0,Mr.,2,13,C,digit
332,male,S,1,45.5,0,0,28.5,0,Mr.,2,13,C,digit
333,male,S,1,38,0,1,153.4625,0,Mr.,3,18,C,PC
333,male,S,1,38,0,1,153.4625,0,Mr.,3,18,C,PC
334,male,S,3,16,2,0,18,0,Mr.,4,23,n,digit
334,male,S,3,16,2,0,18,0,Mr.,4,23,n,digit
335,female,S,1,43,1,0,133.65,1,Mrs.,4,22,n,PC
335,female,S,1,15,1,0,133.65,1,Mrs.,4,22,n,PC
336,male,S,3,24,0,0,7.8958,0,Mr.,2,12,n,digit
336,male,S,3,24,0,0,7.8958,0,Mr.,2,12,n,digit
337,male,S,1,29,1,0,66.6,0,Mr.,3,18,C,digit
337,male,S,1,29,1,0,66.6,0,Mr.,3,18,C,digit
338,female,C,1,41,0,0,134.5,1,Miss.,3,22,E,digit
338,female,C,1,41,0,0,134.5,1,Miss.,3,22,E,digit
339,male,S,3,45,0,0,8.05,1,Mr.,3,14,n,digit
339,male,S,3,45,0,0,8.05,1,Mr.,3,14,n,digit
340,male,S,1,45,0,0,35.5,0,Mr.,3,21,o,digit
340,male,S,1,45,0,0,35.5,0,Mr.,3,21,o,digit
341,male,S,2,2,1,1,26,1,Master.,3,19,o,digit
341,male,S,2,2,1,1,26,1,Master.,3,19,o,digit
342,female,S,1,24,3,2,263,1,Miss.,3,21,C,digit
342,female,S,1,24,3,2,263,1,Miss.,3,21,C,digit
343,male,S,2,28,0,0,13,0,Mr.,3,19,n,digit
343,male,S,2,28,0,0,13,0,Mr.,3,19,n,digit
344,male,S,2,25,0,0,13,0,Mr.,4,34,n,digit
344,male,S,2,25,0,0,13,0,Mr.,4,34,n,digit
345,male,S,2,36,0,0,13,0,Mr.,3,16,n,digit
345,male,S,2,36,0,0,13,0,Mr.,3,16,n,digit
346,female,S,2,24,0,0,13,1,Miss.,3,20,o,digit
346,female,S,2,24,0,0,13,1,Miss.,3,20,o,digit
347,female,S,2,40,0,0,13,1,Miss.,3,16,n,digit
347,female,S,2,40,0,0,13,1,Miss.,3,16,n,digit
348,female,S,3,19,1,0,16.1,1,Mrs.,4,18,n,digit
348,female,S,3,1,1,0,16.1,1,Mrs.,4,18,n,digit
349,male,S,3,3,1,1,15.9,1,Master.,4,26,n,CA
349,male,S,3,3,1,1,15.9,1,Master.,4,26,n,CA
350,male,S,3,42,0,0,8.6625,0,Mr.,2,10,n,digit
350,male,S,3,42,0,0,8.6625,0,Mr.,2,10,n,digit
351,male,S,3,23,0,0,9.225,0,Mr.,3,15,n,digit
351,male,S,3,23,0,0,9.225,0,Mr.,3,15,n,digit
352,male,S,1,38,0,0,35,0,Mr.,3,31,C,digit
352,male,S,1,40,0,0,35,0,Mr.,3,31,C,digit
353,male,C,3,15,1,1,7.2292,0,Mr.,2,12,n,digit
353,male,C,3,15,1,1,7.2292,0,Mr.,2,12,n,digit
354,male,S,3,25,1,0,17.8,0,Mr.,2,19,n,digit
354,male,S,3,25,1,0,17.8,0,Mr.,2,19,n,digit
355,male,C,3,45,0,0,7.225,0,Mr.,2,11,n,digit
355,male,C,3,18,0,0,7.225,0,Mr.,2,11,n,digit
356,male,S,3,28,0,0,9.5,0,Mr.,4,19,n,digit
356,male,S,3,28,0,0,9.5,0,Mr.,4,19,n,digit
357,female,S,1,22,0,1,55,1,Miss.,3,18,E,digit
357,female,S,1,22,0,1,55,1,Miss.,3,18,E,digit
358,female,S,2,38,0,0,13,0,Miss.,3,16,n,digit
358,female,S,2,38,0,0,13,0,Miss.,3,16,n,digit
359,female,Q,3,25,0,0,7.8792,1,Miss.,2,12,n,digit
359,female,Q,3,34,0,0,7.8792,1,Miss.,2,12,n,digit
360,female,Q,3,34,0,0,7.8792,1,Miss.,4,23,n,digit
360,female,Q,3,25,0,0,7.8792,1,Miss.,4,23,n,digit
361,male,S,3,40,1,4,27.9,0,Mr.,2,12,n,digit
361,male,S,3,40,1,4,27.9,0,Mr.,2,12,n,digit
362,male,C,2,29,1,0,27.7208,0,Mr.,3,18,n,SC/PARIS
362,male,C,2,29,1,0,27.7208,0,Mr.,3,18,n,SC/PARIS
363,female,C,3,45,0,1,14.4542,0,Mrs.,2,7,n,digit
363,female,C,3,45,0,1,14.4542,0,Mrs.,2,7,n,digit
364,male,S,3,35,0,0,7.05,0,Mr.,2,9,n,SOTON/OQ
364,male,S,3,35,0,0,7.05,0,Mr.,2,9,n,SOTON/OQ
365,male,Q,3,32,1,0,15.5,0,Mr.,2,13,n,digit
365,male,Q,3,32,1,0,15.5,0,Mr.,2,13,n,digit
366,male,S,3,30,0,0,7.25,0,Mr.,4,22,n,C
366,male,S,3,30,0,0,7.25,0,Mr.,4,22,n,C
367,female,C,1,60,1,0,75.25,1,Mrs.,4,17,D,digit
367,female,C,1,60,1,0,75.25,1,Mrs.,4,17,D,digit
368,female,C,3,18,0,0,7.2292,1,Mrs.,2,6,n,digit
368,female,C,3,1,0,0,7.2292,1,Mrs.,2,6,n,digit
369,female,Q,3,25,0,0,7.75,1,Miss.,2,11,n,digit
369,female,Q,3,25,0,0,7.75,1,Miss.,2,11,n,digit
370,female,C,1,24,0,0,69.3,1,Mrs.,3,21,B,PC
370,female,C,1,24,0,0,69.3,1,Mrs.,3,21,B,PC
371,male,C,1,25,1,0,55.4417,1,Mr.,3,20,E,digit
371,male,C,1,25,1,0,55.4417,1,Mr.,3,20,E,digit
372,male,S,3,18,1,0,6.4958,0,Mr.,3,18,n,digit
372,male,S,3,18,1,0,6.4958,0,Mr.,3,18,n,digit
373,male,S,3,19,0,0,8.05,0,Mr.,3,19,n,digit
373,male,S,3,19,0,0,8.05,0,Mr.,3,19,n,digit
374,male,C,1,22,0,0,135.6333,0,Mr.,2,13,n,PC
374,male,C,1,22,0,0,135.6333,0,Mr.,2,13,n,PC
375,female,S,3,3,3,1,21.075,0,Miss.,3,17,n,digit
375,female,S,3,3,3,1,21.075,0,Miss.,3,17,n,digit
376,female,C,1,31,1,0,82.1708,1,Mrs.,4,16,n,PC
376,female,C,1,17,1,0,82.1708,1,Mrs.,4,16,n,PC
377,female,S,3,22,0,0,7.25,1,Miss.,3,22,n,C
377,female,S,3,22,0,0,7.25,1,Miss.,3,22,n,C
378,male,C,1,27,0,2,211.5,0,Mr.,3,18,C,digit
378,male,C,1,27,0,2,211.5,0,Mr.,3,18,C,digit
379,male,C,3,20,0,0,4.0125,0,Mr.,2,13,n,digit
379,male,C,3,20,0,0,4.0125,0,Mr.,2,13,n,digit
380,male,S,3,19,0,0,7.775,0,Mr.,3,20,n,digit
380,male,S,3,19,0,0,7.775,0,Mr.,3,20,n,digit
381,female,C,1,42,0,0,227.525,1,Miss.,2,13,n,PC
381,female,C,1,42,0,0,227.525,1,Miss.,2,13,n,PC
382,female,C,3,1,0,2,15.7417,1,Miss.,3,10,n,digit
382,female,C,3,1,0,2,15.7417,1,Miss.,3,10,n,digit
383,male,S,3,32,0,0,7.925,0,Mr.,2,12,n,STON/O 2
383,male,S,3,32,0,0,7.925,0,Mr.,2,12,n,STON/O 2
384,female,S,1,35,1,0,52,1,Mrs.,4,23,n,digit
384,female,S,1,35,1,0,52,1,Mrs.,4,23,n,digit
385,male,S,3,21,0,0,7.8958,0,Mr.,2,16,n,digit
385,male,S,3,21,0,0,7.8958,0,Mr.,2,16,n,digit
386,male,S,2,18,0,0,73.5,0,Mr.,3,18,n,SOC
386,male,S,2,18,0,0,73.5,0,Mr.,3,18,n,SOC
387,male,S,3,1,5,2,46.9,0,Master.,3,20,n,CA
387,male,S,3,1,5,2,46.9,0,Master.,3,20,n,CA
388,female,S,2,36,0,0,13,1,Miss.,2,8,n,digit
388,female,S,2,36,0,0,13,1,Miss.,2,8,n,digit
389,male,Q,3,39,0,0,7.7292,0,Mr.,2,14,n,digit
389,male,Q,3,39,0,0,7.7292,0,Mr.,2,14,n,digit
390,female,C,2,17,0,0,12,1,Miss.,2,13,n,other
390,female,C,2,17,0,0,12,1,Miss.,2,13,n,other
391,male,S,1,36,1,2,120,1,Mr.,3,19,B,digit
391,male,S,1,36,1,2,120,1,Mr.,3,19,B,digit
392,male,S,3,21,0,0,7.7958,1,Mr.,3,15,n,digit
392,male,S,3,21,0,0,7.7958,1,Mr.,3,15,n,digit
393,male,S,3,28,2,0,7.925,0,Mr.,3,21,n,digit
393,male,S,3,28,2,0,7.925,0,Mr.,3,21,n,digit
394,female,C,1,23,1,0,113.275,1,Miss.,2,14,D,digit
394,female,C,1,23,1,0,113.275,1,Miss.,2,14,D,digit
395,female,S,3,24,0,2,16.7,1,Mrs.,3,16,o,other
395,female,S,3,24,0,2,16.7,1,Mrs.,3,16,o,other
396,male,S,3,22,0,0,7.7958,0,Mr.,2,13,n,digit
396,male,S,3,22,0,0,7.7958,0,Mr.,2,13,n,digit
397,female,S,3,31,0,0,7.8542,0,Miss.,2,11,n,digit
397,female,S,3,31,0,0,7.8542,0,Miss.,2,11,n,digit
398,male,S,2,46,0,0,26,0,Mr.,3,16,n,digit
398,male,S,2,46,0,0,26,0,Mr.,3,16,n,digit
399,male,S,2,23,0,0,10.5,0,Dr.,2,10,n,digit
399,male,S,2,23,0,0,10.5,0,Dr.,2,10,n,digit
400,female,S,2,28,0,0,12.65,1,Mrs.,4,13,n,digit
400,female,S,2,28,0,0,12.65,1,Mrs.,4,13,n,digit
401,male,S,3,39,0,0,7.925,1,Mr.,2,12,n,STON/O 2
401,male,S,3,39,0,0,7.925,1,Mr.,2,12,n,STON/O 2
402,male,S,3,26,0,0,8.05,0,Mr.,2,9,n,digit
402,male,S,3,26,0,0,8.05,0,Mr.,2,9,n,digit
403,female,S,3,21,1,0,9.825,0,Miss.,3,15,n,digit
403,female,S,3,21,1,0,9.825,0,Miss.,3,15,n,digit
404,male,S,3,28,1,0,15.85,0,Mr.,3,23,n,STON/O2
404,male,S,3,28,1,0,15.85,0,Mr.,3,23,n,STON/O2
405,female,S,3,20,0,0,8.6625,0,Miss.,2,15,n,digit
405,female,S,3,20,0,0,8.6625,0,Miss.,2,15,n,digit
406,male,S,2,34,1,0,21,0,Mr.,2,12,n,digit
406,male,S,2,34,1,0,21,0,Mr.,2,12,n,digit
407,male,S,3,51,0,0,7.75,0,Mr.,3,25,n,digit
407,male,S,3,51,0,0,7.75,0,Mr.,3,25,n,digit
408,male,S,2,3,1,1,18.75,1,Master.,3,19,n,digit
408,male,S,2,3,1,1,18.75,1,Master.,3,19,n,digit
409,male,S,3,21,0,0,7.775,0,Mr.,4,25,n,digit
409,male,S,3,21,0,0,7.775,0,Mr.,4,25,n,digit
410,female,S,3,2,3,1,25.4667,0,Miss.,2,10,n,digit
410,female,S,3,2,3,1,25.4667,0,Miss.,2,10,n,digit
411,male,S,3,21,0,0,7.8958,0,Mr.,2,12,n,digit
411,male,S,3,24,0,0,7.8958,0,Mr.,2,12,n,digit
412,male,Q,3,35,0,0,6.8583,0,Mr.,2,9,n,digit
412,male,Q,3,35,0,0,6.8583,0,Mr.,2,9,n,digit
413,female,Q,1,33,1,0,90,1,Miss.,3,13,C,digit
413,female,Q,1,33,1,0,90,1,Miss.,3,13,C,digit
414,male,S,2,19,0,0,0,0,Mr.,3,23,n,digit
414,male,S,2,47,0,0,0,0,Mr.,3,23,n,digit
415,male,S,3,44,0,0,7.925,1,Mr.,3,18,n,STON/O 2
415,male,S,3,44,0,0,7.925,1,Mr.,3,18,n,STON/O 2
416,female,S,3,36,0,0,8.05,0,Mrs.,3,10,n,digit
416,female,S,3,49,0,0,8.05,0,Mrs.,3,10,n,digit
417,female,S,2,34,1,1,32.5,1,Mrs.,4,15,n,digit
417,female,S,2,34,1,1,32.5,1,Mrs.,4,15,n,digit
418,female,S,2,18,0,2,13,1,Miss.,3,20,n,digit
418,female,S,2,18,0,2,13,1,Miss.,3,20,n,digit
419,male,S,2,30,0,0,13,0,Mr.,3,19,n,digit
419,male,S,2,30,0,0,13,0,Mr.,3,19,n,digit
420,female,S,3,10,0,2,24.15,0,Miss.,3,16,n,digit
420,female,S,3,10,0,2,24.15,0,Miss.,3,16,n,digit
421,male,C,3,45,0,0,7.8958,0,Mr.,2,16,n,digit
421,male,C,3,40,0,0,7.8958,0,Mr.,2,16,n,digit
422,male,Q,3,21,0,0,7.7333,0,Mr.,2,13,n,A/5
422,male,Q,3,21,0,0,7.7333,0,Mr.,2,13,n,A/5
423,male,S,3,29,0,0,7.875,0,Mr.,2,12,n,digit
423,male,S,3,29,0,0,7.875,0,Mr.,2,12,n,digit
424,female,S,3,28,1,1,14.4,0,Mrs.,4,18,n,digit
424,female,S,3,28,1,1,14.4,0,Mrs.,4,18,n,digit
425,male,S,3,18,1,1,20.2125,0,Mr.,3,20,n,digit
425,male,S,3,18,1,1,20.2125,0,Mr.,3,20,n,digit
426,male,S,3,21,0,0,7.25,0,Mr.,2,16,n,A/4
426,male,S,3,24,0,0,7.25,0,Mr.,2,16,n,A/4
427,female,S,2,28,1,0,26,1,Mrs.,4,14,n,digit
427,female,S,2,28,1,0,26,1,Mrs.,4,14,n,digit
428,female,S,2,19,0,0,26,1,Miss.,4,20,n,digit
428,female,S,2,19,0,0,26,1,Miss.,4,20,n,digit
429,male,Q,3,35,0,0,7.75,0,Mr.,2,10,n,digit
429,male,Q,3,35,0,0,7.75,0,Mr.,2,10,n,digit
430,male,S,3,32,0,0,8.05,1,Mr.,3,11,E,SOTON/OQ
430,male,S,3,32,0,0,8.05,1,Mr.,3,11,E,SOTON/OQ
431,male,S,1,28,0,0,26.55,1,Mr.,3,34,C,digit
431,male,S,1,28,0,0,26.55,1,Mr.,3,34,C,digit
432,female,S,3,1,1,0,16.1,1,Mrs.,3,20,n,digit
432,female,S,3,1,1,0,16.1,1,Mrs.,3,20,n,digit
433,female,S,2,42,1,0,26,1,Mrs.,4,21,n,other
433,female,S,2,42,1,0,26,1,Mrs.,4,21,n,other
434,male,S,3,17,0,0,7.125,0,Mr.,3,19,n,STON/O 2
434,male,S,3,17,0,0,7.125,0,Mr.,3,19,n,STON/O 2
435,male,S,1,50,1,0,55.9,0,Mr.,3,18,E,digit
435,male,S,1,50,1,0,55.9,0,Mr.,3,18,E,digit
436,female,S,1,14,1,2,120,1,Miss.,3,16,B,digit
436,female,S,1,14,1,2,120,1,Miss.,3,16,B,digit
437,female,S,3,21,2,2,34.375,0,Miss.,4,26,n,W/C
437,female,S,3,21,2,2,34.375,0,Miss.,4,26,n,W/C
438,female,S,2,24,2,3,18.75,1,Mrs.,3,14,n,digit
438,female,S,2,24,2,3,18.75,1,Mrs.,3,14,n,digit
439,male,S,1,64,1,4,263,0,Mr.,2,11,C,digit
439,male,S,1,64,1,4,263,0,Mr.,2,11,C,digit
440,male,S,2,31,0,0,10.5,0,Mr.,4,30,n,CA
440,male,S,2,31,0,0,10.5,0,Mr.,4,30,n,CA
441,female,S,2,45,1,1,26.25,1,Mrs.,3,12,n,FCC
441,female,S,2,45,1,1,26.25,1,Mrs.,3,12,n,FCC
442,male,S,3,20,0,0,9.5,0,Mr.,2,9,n,digit
442,male,S,3,20,0,0,9.5,0,Mr.,2,9,n,digit
443,male,S,3,25,1,0,7.775,0,Mr.,3,18,n,digit
443,male,S,3,25,1,0,7.775,0,Mr.,3,18,n,digit
444,female,S,2,28,0,0,13,1,Miss.,2,19,n,digit
444,female,S,2,28,0,0,13,1,Miss.,2,19,n,digit
445,male,S,3,23,0,0,8.1125,1,Mr.,2,27,n,digit
445,male,S,3,24,0,0,8.1125,1,Mr.,2,27,n,digit
446,male,S,1,4,0,2,81.8583,1,Master.,2,15,o,digit
446,male,S,1,4,0,2,81.8583,1,Master.,2,15,o,digit
447,female,S,2,13,0,1,19.5,1,Miss.,3,24,n,digit
447,female,S,2,13,0,1,19.5,1,Miss.,3,24,n,digit
448,male,S,1,34,0,0,26.55,1,Mr.,3,20,n,digit
448,male,S,1,34,0,0,26.55,1,Mr.,3,20,n,digit
449,female,C,3,5,2,1,19.2583,1,Miss.,3,21,n,digit
449,female,C,3,5,2,1,19.2583,1,Miss.,3,21,n,digit
450,male,S,1,52,0,0,30.5,1,Military,3,20,C,digit
450,male,S,1,52,0,0,30.5,1,Military,3,20,C,digit
451,male,S,2,36,1,2,27.75,0,Mr.,3,14,n,CA
451,male,S,2,36,1,2,27.75,0,Mr.,3,14,n,CA
452,male,S,3,34,1,0,19.9667,0,Mr.,4,23,n,digit
452,male,S,3,34,1,0,19.9667,0,Mr.,4,23,n,digit
453,male,C,1,30,0,0,27.75,0,Mr.,3,24,C,digit
453,male,C,1,30,0,0,27.75,0,Mr.,3,24,C,digit
454,male,C,1,49,1,0,89.1042,1,Mr.,3,17,C,digit
454,male,C,1,49,1,0,89.1042,1,Mr.,3,17,C,digit
455,male,S,3,21,0,0,8.05,0,Mr.,2,13,n,A/5
455,male,S,3,21,0,0,8.05,0,Mr.,2,13,n,A/5
456,male,C,3,29,0,0,7.8958,1,Mr.,2,12,n,digit
456,male,C,3,29,0,0,7.8958,1,Mr.,2,12,n,digit
457,male,S,1,65,0,0,26.55,0,Mr.,3,18,E,digit
457,male,S,1,65,0,0,26.55,0,Mr.,3,18,E,digit
458,female,S,1,30,1,0,51.8625,1,Mrs.,4,16,D,digit
458,female,S,1,28,1,0,51.8625,1,Mrs.,4,16,D,digit
459,female,S,2,50,0,0,10.5,1,Miss.,2,11,n,FCC
459,female,S,2,50,0,0,10.5,1,Miss.,2,11,n,FCC
460,male,Q,3,39,0,0,7.75,0,Mr.,2,15,n,digit
460,male,Q,3,39,0,0,7.75,0,Mr.,2,15,n,digit
461,male,S,1,48,0,0,26.55,1,Mr.,2,13,E,digit
461,male,S,1,48,0,0,26.55,1,Mr.,2,13,E,digit
462,male,S,3,34,0,0,8.05,0,Mr.,2,13,n,digit
462,male,S,3,34,0,0,8.05,0,Mr.,2,13,n,digit
463,male,S,1,47,0,0,38.5,0,Mr.,3,10,E,digit
463,male,S,1,47,0,0,38.5,0,Mr.,3,10,E,digit
464,male,S,2,48,0,0,13,0,Mr.,3,21,n,digit
464,male,S,2,48,0,0,13,0,Mr.,3,21,n,digit
465,male,S,3,21,0,0,8.05,0,Mr.,2,12,n,other
465,male,S,3,32,0,0,8.05,0,Mr.,2,12,n,other
466,male,S,3,38,0,0,7.05,0,Mr.,3,24,n,SOTON/OQ
466,male,S,3,38,0,0,7.05,0,Mr.,3,24,n,SOTON/OQ
467,male,S,2,47,0,0,0,0,Mr.,2,15,n,digit
467,male,S,2,19,0,0,0,0,Mr.,2,15,n,digit
468,male,S,1,56,0,0,26.55,0,Mr.,3,19,n,digit
468,male,S,1,56,0,0,26.55,0,Mr.,3,19,n,digit
469,male,Q,3,39,0,0,7.725,0,Mr.,2,12,n,digit
469,male,Q,3,35,0,0,7.725,0,Mr.,2,12,n,digit
470,female,C,3,0.75,2,1,19.2583,1,Miss.,3,20,n,digit
470,female,C,3,0.75,2,1,19.2583,1,Miss.,3,20,n,digit
471,male,S,3,32,0,0,7.25,0,Mr.,2,11,n,digit
471,male,S,3,21,0,0,7.25,0,Mr.,2,11,n,digit
472,male,S,3,38,0,0,8.6625,0,Mr.,2,9,n,digit
472,male,S,3,38,0,0,8.6625,0,Mr.,2,9,n,digit
473,female,S,2,33,1,2,27.75,1,Mrs.,4,14,n,CA
473,female,S,2,33,1,2,27.75,1,Mrs.,4,14,n,CA
474,female,C,2,23,0,0,13.7917,1,Mrs.,4,11,D,other
474,female,C,2,23,0,0,13.7917,1,Mrs.,4,11,D,other
475,female,S,3,22,0,0,9.8375,0,Miss.,3,18,n,digit
475,female,S,3,22,0,0,9.8375,0,Miss.,3,18,n,digit
476,male,S,1,40,0,0,52,0,Mr.,3,20,o,digit
476,male,S,1,38,0,0,52,0,Mr.,3,20,o,digit
477,male,S,2,34,1,0,21,0,Mr.,3,16,n,digit
477,male,S,2,34,1,0,21,0,Mr.,3,16,n,digit
478,male,S,3,29,1,0,7.0458,0,Mr.,3,18,n,digit
478,male,S,3,29,1,0,7.0458,0,Mr.,3,18,n,digit
479,male,S,3,22,0,0,7.5208,0,Mr.,3,18,n,digit
479,male,S,3,22,0,0,7.5208,0,Mr.,3,18,n,digit
480,female,S,3,2,0,1,12.2875,1,Miss.,3,15,n,digit
480,female,S,3,2,0,1,12.2875,1,Miss.,3,15,n,digit
481,male,S,3,9,5,2,46.9,0,Master.,3,19,n,CA
481,male,S,3,9,5,2,46.9,0,Master.,3,19,n,CA
482,male,S,2,19,0,0,0,0,Mr.,4,24,n,digit
482,male,S,2,19,0,0,0,0,Mr.,4,24,n,digit
483,male,S,3,50,0,0,8.05,0,Mr.,3,17,n,A/5
483,male,S,3,50,0,0,8.05,0,Mr.,3,17,n,A/5
484,female,S,3,63,0,0,9.5875,1,Mrs.,2,7,n,digit
484,female,S,3,63,0,0,9.5875,1,Mrs.,2,7,n,digit
485,male,C,1,25,1,0,91.0792,1,Mr.,3,16,B,digit
485,male,C,1,25,1,0,91.0792,1,Mr.,3,16,B,digit
486,female,S,3,4,3,1,25.4667,0,Miss.,2,14,n,digit
486,female,S,3,9,3,1,25.4667,0,Miss.,2,14,n,digit
487,female,S,1,35,1,0,90,1,Mrs.,4,21,C,digit
487,female,S,1,35,1,0,90,1,Mrs.,4,21,C,digit
488,male,C,1,58,0,0,29.7,0,Mr.,3,16,B,digit
488,male,C,1,58,0,0,29.7,0,Mr.,3,16,B,digit
489,male,S,3,30,0,0,8.05,0,Mr.,3,22,n,other
489,male,S,3,30,0,0,8.05,0,Mr.,3,22,n,other
490,male,S,3,9,1,1,15.9,1,Master.,4,25,n,CA
490,male,S,3,9,1,1,15.9,1,Master.,4,25,n,CA
491,male,S,3,18,1,0,19.9667,0,Mr.,4,28,n,digit
491,male,S,3,34,1,0,19.9667,0,Mr.,4,28,n,digit
492,male,S,3,21,0,0,7.25,0,Mr.,2,13,n,SOTON/OQ
492,male,S,3,21,0,0,7.25,0,Mr.,2,13,n,SOTON/OQ
493,male,S,1,55,0,0,30.5,0,Mr.,3,19,C,digit
493,male,S,1,55,0,0,30.5,0,Mr.,3,19,C,digit
494,male,C,1,71,0,0,49.5042,0,Mr.,2,17,n,PC
494,male,C,1,71,0,0,49.5042,0,Mr.,2,17,n,PC
495,male,S,3,21,0,0,8.05,0,Mr.,3,19,n,A/4
495,male,S,3,21,0,0,8.05,0,Mr.,3,19,n,A/4
496,male,C,3,24,0,0,14.4583,0,Mr.,2,15,n,digit
496,male,C,3,19,0,0,14.4583,0,Mr.,2,15,n,digit
497,female,C,1,54,1,0,78.2667,1,Miss.,3,21,D,digit
497,female,C,1,54,1,0,78.2667,1,Miss.,3,21,D,digit
498,male,S,3,32,0,0,15.1,0,Mr.,3,24,n,CA
498,male,S,3,21,0,0,15.1,0,Mr.,3,24,n,CA
499,female,S,1,25,1,2,151.55,0,Mrs.,5,15,C,digit
499,female,S,1,25,1,2,151.55,0,Mrs.,5,15,C,digit
500,male,S,3,24,0,0,7.7958,0,Mr.,2,12,n,digit
500,male,S,3,24,0,0,7.7958,0,Mr.,2,12,n,digit
501,male,S,3,17,0,0,8.6625,0,Mr.,2,10,n,digit
501,male,S,3,17,0,0,8.6625,0,Mr.,2,10,n,digit
502,female,Q,3,21,0,0,7.75,0,Miss.,2,11,n,digit
502,female,Q,3,21,0,0,7.75,0,Miss.,2,11,n,digit
503,female,Q,3,31,0,0,7.6292,0,Miss.,3,21,n,digit
503,female,Q,3,31,0,0,7.6292,0,Miss.,3,21,n,digit
504,female,S,3,37,0,0,9.5875,0,Miss.,3,21,n,digit
504,female,S,3,37,0,0,9.5875,0,Miss.,3,21,n,digit
505,female,S,1,16,0,0,86.5,1,Miss.,2,13,B,digit
505,female,S,1,16,0,0,86.5,1,Miss.,2,13,B,digit
506,male,C,1,18,1,0,108.9,0,Mr.,5,32,C,PC
506,male,C,1,18,1,0,108.9,0,Mr.,5,32,C,PC
507,female,S,2,33,0,2,26,1,Mrs.,4,21,n,digit
507,female,S,2,33,0,2,26,1,Mrs.,4,21,n,digit
508,male,S,1,52,0,0,26.55,1,Mr.,3,13,n,digit
508,male,S,1,27,0,0,26.55,1,Mr.,3,13,n,digit
509,male,S,3,28,0,0,22.525,0,Mr.,3,17,n,C
509,male,S,3,28,0,0,22.525,0,Mr.,3,17,n,C
510,male,S,3,26,0,0,56.4958,1,Mr.,2,8,n,digit
510,male,S,3,26,0,0,56.4958,1,Mr.,2,8,n,digit
511,male,Q,3,29,0,0,7.75,1,Mr.,3,17,n,digit
511,male,Q,3,29,0,0,7.75,1,Mr.,3,17,n,digit
512,male,S,3,21,0,0,8.05,0,Mr.,2,11,n,SOTON/OQ
512,male,S,3,32,0,0,8.05,0,Mr.,2,11,n,SOTON/OQ
513,male,S,1,36,0,0,26.2875,1,Mr.,3,18,E,PC
513,male,S,1,36,0,0,26.2875,1,Mr.,3,18,E,PC
514,female,C,1,54,1,0,59.4,1,Mrs.,3,16,n,PC
514,female,C,1,54,1,0,59.4,1,Mrs.,3,16,n,PC
515,male,S,3,24,0,0,7.4958,0,Mr.,2,11,n,digit
515,male,S,3,24,0,0,7.4958,0,Mr.,2,11,n,digit
516,male,S,1,47,0,0,34.0208,0,Mr.,3,21,D,digit
516,male,S,1,47,0,0,34.0208,0,Mr.,3,21,D,digit
517,female,S,2,34,0,0,10.5,1,Mrs.,2,6,o,CA
517,female,S,2,34,0,0,10.5,1,Mrs.,2,6,o,CA
518,male,Q,3,40,0,0,24.15,0,Mr.,2,11,n,digit
518,male,Q,3,35,0,0,24.15,0,Mr.,2,11,n,digit
519,female,S,2,36,1,0,26,1,Mrs.,4,13,n,digit
519,female,S,2,36,1,0,26,1,Mrs.,4,13,n,digit
520,male,S,3,32,0,0,7.8958,0,Mr.,2,13,n,digit
520,male,S,3,32,0,0,7.8958,0,Mr.,2,13,n,digit
521,female,S,1,30,0,0,93.5,1,Miss.,2,13,B,digit
521,female,S,1,30,0,0,93.5,1,Miss.,2,13,B,digit
522,male,S,3,22,0,0,7.8958,0,Mr.,2,9,n,digit
522,male,S,3,22,0,0,7.8958,0,Mr.,2,9,n,digit
523,male,C,3,18,0,0,7.225,0,Mr.,2,12,n,digit
523,male,C,3,18,0,0,7.225,0,Mr.,2,12,n,digit
524,female,C,1,44,0,1,57.9792,1,Mrs.,4,18,B,digit
524,female,C,1,44,0,1,57.9792,1,Mrs.,4,18,B,digit
525,male,C,3,18,0,0,7.2292,0,Mr.,2,11,n,digit
525,male,C,3,40,0,0,7.2292,0,Mr.,2,11,n,digit
526,male,Q,3,40.5,0,0,7.75,0,Mr.,2,12,n,digit
526,male,Q,3,40.5,0,0,7.75,0,Mr.,2,12,n,digit
527,female,S,2,50,0,0,10.5,1,Miss.,2,12,n,W/C
527,female,S,2,50,0,0,10.5,1,Miss.,2,12,n,W/C
528,male,S,1,54,0,0,221.7792,0,Mr.,2,12,C,PC
528,male,S,1,47,0,0,221.7792,0,Mr.,2,12,C,PC
529,male,S,3,39,0,0,7.925,0,Mr.,3,18,n,digit
529,male,S,3,39,0,0,7.925,0,Mr.,3,18,n,digit
530,male,S,2,23,2,1,11.5,0,Mr.,3,20,n,digit
530,male,S,2,23,2,1,11.5,0,Mr.,3,20,n,digit
531,female,S,2,2,1,1,26,1,Miss.,3,15,n,digit
531,female,S,2,2,1,1,26,1,Miss.,3,15,n,digit
532,male,C,3,45,0,0,7.2292,0,Mr.,2,11,n,digit
532,male,C,3,45,0,0,7.2292,0,Mr.,2,11,n,digit
533,male,C,3,17,1,1,7.2292,0,Mr.,3,13,n,digit
533,male,C,3,17,1,1,7.2292,0,Mr.,3,13,n,digit
534,female,C,3,1,0,2,22.3583,1,Mrs.,3,14,n,digit
534,female,C,3,4,0,2,22.3583,1,Mrs.,3,14,n,digit
535,female,S,3,30,0,0,8.6625,0,Miss.,2,11,n,digit
535,female,S,3,30,0,0,8.6625,0,Miss.,2,11,n,digit
536,female,S,2,7,0,2,26.25,1,Miss.,3,13,n,FCC
536,female,S,2,7,0,2,26.25,1,Miss.,3,13,n,FCC
537,male,S,1,45,0,0,26.55,0,Military,3,23,B,digit
537,male,S,1,45,0,0,26.55,0,Military,3,23,B,digit
538,female,C,1,30,0,0,106.425,1,Miss.,2,11,n,PC
538,female,C,1,30,0,0,106.425,1,Miss.,2,11,n,PC
539,male,S,3,21,0,0,14.5,0,Mr.,3,17,n,digit
539,male,S,3,21,0,0,14.5,0,Mr.,3,17,n,digit
540,female,C,1,22,0,2,49.5,1,Miss.,3,25,B,digit
540,female,C,1,22,0,2,49.5,1,Miss.,3,25,B,digit
541,female,S,1,36,0,2,71,1,Miss.,3,14,B,other
541,female,S,1,36,0,2,71,1,Miss.,3,14,B,other
542,female,S,3,9,4,2,31.275,0,Miss.,3,27,n,digit
542,female,S,3,9,4,2,31.275,0,Miss.,3,27,n,digit
543,female,S,3,11,4,2,31.275,0,Miss.,3,24,n,digit
543,female,S,3,11,4,2,31.275,0,Miss.,3,24,n,digit
544,male,S,2,32,1,0,26,1,Mr.,2,11,n,digit
544,male,S,2,32,1,0,26,1,Mr.,2,11,n,digit
545,male,C,1,50,1,0,106.425,0,Mr.,3,19,C,PC
545,male,C,1,50,1,0,106.425,0,Mr.,3,19,C,PC
546,male,S,1,64,0,0,26,0,Mr.,3,21,n,digit
546,male,S,1,64,0,0,26,0,Mr.,3,21,n,digit
547,female,S,2,19,1,0,26,1,Mrs.,3,11,n,digit
547,female,S,2,19,1,0,26,1,Mrs.,3,11,n,digit
548,male,C,2,18,0,0,13.8625,1,Mr.,4,18,n,SC/PARIS
548,male,C,2,18,0,0,13.8625,1,Mr.,4,18,n,SC/PARIS
549,male,S,3,33,1,1,20.525,0,Mr.,3,18,n,digit
549,male,S,3,33,1,1,20.525,0,Mr.,3,18,n,digit
550,male,S,2,8,1,1,36.75,1,Master.,4,18,n,CA
550,male,S,2,8,1,1,36.75,1,Master.,4,18,n,CA
551,male,C,1,17,0,2,110.8833,1,Mr.,4,19,C,digit
551,male,C,1,17,0,2,110.8833,1,Mr.,4,19,C,digit
552,male,S,2,27,0,0,26,0,Mr.,4,19,n,digit
552,male,S,2,27,0,0,26,0,Mr.,4,19,n,digit
553,male,Q,3,35,0,0,7.8292,0,Mr.,2,14,n,digit
553,male,Q,3,39,0,0,7.8292,0,Mr.,2,14,n,digit
554,male,C,3,22,0,0,7.225,1,Mr.,3,10,n,digit
554,male,C,3,22,0,0,7.225,1,Mr.,3,10,n,digit
555,female,S,3,22,0,0,7.775,1,Miss.,2,10,n,digit
555,female,S,3,22,0,0,7.775,1,Miss.,2,10,n,digit
556,male,S,1,62,0,0,26.55,0,Mr.,2,12,n,digit
556,male,S,1,62,0,0,26.55,0,Mr.,2,12,n,digit
557,female,C,1,48,1,0,39.6,1,Nobility,3,10,o,digit
557,female,C,1,48,1,0,39.6,1,Nobility,3,10,o,digit
558,male,C,1,24,0,0,227.525,0,Mr.,2,13,n,PC
558,male,C,1,38,0,0,227.525,0,Mr.,2,13,n,PC
559,female,S,1,39,1,1,79.65,1,Mrs.,3,11,E,digit
559,female,S,1,39,1,1,79.65,1,Mrs.,3,11,E,digit
560,female,S,3,36,1,0,17.4,1,Mrs.,5,28,n,digit
560,female,S,3,36,1,0,17.4,1,Mrs.,5,28,n,digit
561,male,Q,3,35,0,0,7.75,0,Mr.,3,17,n,digit
561,male,Q,3,39,0,0,7.75,0,Mr.,3,17,n,digit
562,male,S,3,40,0,0,7.8958,0,Mr.,2,11,n,digit
562,male,S,3,40,0,0,7.8958,0,Mr.,2,11,n,digit
563,male,S,2,28,0,0,13.5,0,Mr.,3,19,n,digit
563,male,S,2,28,0,0,13.5,0,Mr.,3,19,n,digit
564,male,S,3,24,0,0,8.05,0,Mr.,2,11,n,SOTON/OQ
564,male,S,3,24,0,0,8.05,0,Mr.,2,11,n,SOTON/OQ
565,female,S,3,49,0,0,8.05,0,Miss.,2,8,n,SOTON/OQ
565,female,S,3,19,0,0,8.05,0,Miss.,2,8,n,SOTON/OQ
566,male,S,3,24,2,0,24.15,0,Mr.,3,13,n,A/4
566,male,S,3,24,2,0,24.15,0,Mr.,3,13,n,A/4
567,male,S,3,19,0,0,7.8958,0,Mr.,2,14,n,digit
567,male,S,3,19,0,0,7.8958,0,Mr.,2,14,n,digit
568,female,S,3,29,0,4,21.075,0,Mrs.,3,11,n,digit
568,female,S,3,29,0,4,21.075,0,Mrs.,3,11,n,digit
569,male,C,3,18,0,0,7.2292,0,Mr.,2,13,n,digit
569,male,C,3,45,0,0,7.2292,0,Mr.,2,13,n,digit
570,male,S,3,32,0,0,7.8542,1,Mr.,2,11,n,digit
570,male,S,3,32,0,0,7.8542,1,Mr.,2,11,n,digit
571,male,S,2,62,0,0,10.5,1,Mr.,2,12,n,other
571,male,S,2,62,0,0,10.5,1,Mr.,2,12,n,other
572,female,S,1,53,2,0,51.4792,1,Mrs.,4,18,C,digit
572,female,S,1,53,2,0,51.4792,1,Mrs.,4,18,C,digit
573,male,S,1,36,0,0,26.3875,1,Mr.,4,14,E,PC
573,male,S,1,36,0,0,26.3875,1,Mr.,4,14,E,PC
574,female,Q,3,34,0,0,7.75,1,Miss.,2,9,n,digit
574,female,Q,3,34,0,0,7.75,1,Miss.,2,9,n,digit
575,male,S,3,16,0,0,8.05,0,Mr.,4,20,n,A/4
575,male,S,3,16,0,0,8.05,0,Mr.,4,20,n,A/4
576,male,S,3,19,0,0,14.5,0,Mr.,2,14,n,digit
576,male,S,3,19,0,0,14.5,0,Mr.,2,14,n,digit
577,female,S,2,34,0,0,13,1,Miss.,2,12,n,digit
577,female,S,2,34,0,0,13,1,Miss.,2,12,n,digit
578,female,S,1,39,1,0,55.9,1,Mrs.,4,18,E,digit
578,female,S,1,39,1,0,55.9,1,Mrs.,4,18,E,digit
579,female,C,3,26,1,0,14.4583,0,Mrs.,3,11,n,digit
579,female,C,3,26,1,0,14.4583,0,Mrs.,3,11,n,digit
580,male,S,3,32,0,0,7.925,1,Mr.,2,13,n,STON/O 2
580,male,S,3,32,0,0,7.925,1,Mr.,2,13,n,STON/O 2
581,female,S,2,25,1,1,30,1,Miss.,3,18,n,digit
581,female,S,2,25,1,1,30,1,Miss.,3,18,n,digit
582,female,C,1,39,1,1,110.8833,1,Mrs.,4,17,C,digit
582,female,C,1,39,1,1,110.8833,1,Mrs.,4,17,C,digit
583,male,S,2,54,0,0,26,0,Mr.,3,19,n,digit
583,male,S,2,54,0,0,26,0,Mr.,3,19,n,digit
584,male,C,1,36,0,0,40.125,0,Mr.,3,12,o,digit
584,male,C,1,36,0,0,40.125,0,Mr.,3,12,o,digit
585,male,C,3,45,0,0,8.7125,0,Mr.,2,13,n,digit
585,male,C,3,40,0,0,8.7125,0,Mr.,2,13,n,digit
586,female,S,1,18,0,2,79.65,1,Miss.,2,11,E,digit
586,female,S,1,18,0,2,79.65,1,Miss.,2,11,E,digit
587,male,S,2,47,0,0,15,0,Mr.,3,16,n,digit
587,male,S,2,47,0,0,15,0,Mr.,3,16,n,digit
588,male,C,1,60,1,1,79.2,1,Mr.,2,26,B,digit
588,male,C,1,60,1,1,79.2,1,Mr.,2,26,B,digit
589,male,S,3,22,0,0,8.05,0,Mr.,2,15,n,digit
589,male,S,3,22,0,0,8.05,0,Mr.,2,15,n,digit
590,male,S,3,24,0,0,8.05,0,Mr.,2,13,n,A/5
590,male,S,3,32,0,0,8.05,0,Mr.,2,13,n,A/5
591,male,S,3,35,0,0,7.125,0,Mr.,2,14,n,STON/O 2
591,male,S,3,35,0,0,7.125,0,Mr.,2,14,n,STON/O 2
592,female,C,1,52,1,0,78.2667,1,Mrs.,4,23,D,digit
592,female,C,1,52,1,0,78.2667,1,Mrs.,4,23,D,digit
593,male,S,3,47,0,0,7.25,0,Mr.,3,19,n,A/5
593,male,S,3,47,0,0,7.25,0,Mr.,3,19,n,A/5
594,female,Q,3,28,0,2,7.75,0,Miss.,2,10,n,digit
594,female,Q,3,2,0,2,7.75,0,Miss.,2,10,n,digit
595,male,S,2,37,1,0,26,0,Mr.,3,16,n,other
595,male,S,2,37,1,0,26,0,Mr.,3,16,n,other
596,male,S,3,36,1,1,24.15,0,Mr.,4,19,n,digit
596,male,S,3,36,1,1,24.15,0,Mr.,4,19,n,digit
597,female,S,2,11,0,0,33,1,Miss.,3,17,n,digit
597,female,S,2,31,0,0,33,1,Miss.,3,17,n,digit
598,male,S,3,49,0,0,0,0,Mr.,2,13,n,LINE
598,male,S,3,49,0,0,0,0,Mr.,2,13,n,LINE
599,male,C,3,18,0,0,7.225,0,Mr.,2,11,n,digit
599,male,C,3,45,0,0,7.225,0,Mr.,2,11,n,digit
600,male,C,1,49,1,0,56.9292,1,Nobility,5,21,o,PC
600,male,C,1,49,1,0,56.9292,1,Nobility,5,21,o,PC
601,female,S,2,24,2,1,27,1,Mrs.,4,21,n,digit
601,female,S,2,24,2,1,27,1,Mrs.,4,21,n,digit
602,male,S,3,24,0,0,7.8958,0,Mr.,2,14,n,digit
602,male,S,3,24,0,0,7.8958,0,Mr.,2,14,n,digit
603,male,S,1,38,0,0,42.4,0,Mr.,3,18,n,digit
603,male,S,1,40,0,0,42.4,0,Mr.,3,18,n,digit
604,male,S,3,44,0,0,8.05,0,Mr.,3,18,n,digit
604,male,S,3,44,0,0,8.05,0,Mr.,3,18,n,digit
605,male,C,1,35,0,0,26.55,1,Mr.,3,10,n,digit
605,male,C,1,35,0,0,26.55,1,Mr.,3,10,n,digit
606,male,S,3,36,1,0,15.55,0,Mr.,3,22,n,digit
606,male,S,3,36,1,0,15.55,0,Mr.,3,22,n,digit
607,male,S,3,30,0,0,7.8958,0,Mr.,2,11,n,digit
607,male,S,3,30,0,0,7.8958,0,Mr.,2,11,n,digit
608,male,S,1,27,0,0,30.5,1,Mr.,3,20,n,digit
608,male,S,1,27,0,0,30.5,1,Mr.,3,20,n,digit
609,female,C,2,22,1,2,41.5792,1,Mrs.,3,13,n,SC/Paris
609,female,C,2,22,1,2,41.5792,1,Mrs.,3,13,n,SC/Paris
610,female,S,1,40,0,0,153.4625,1,Miss.,3,16,C,PC
610,female,S,1,40,0,0,153.4625,1,Miss.,3,16,C,PC
611,female,S,3,39,1,5,31.275,0,Mrs.,4,20,n,digit
611,female,S,3,39,1,5,31.275,0,Mrs.,4,20,n,digit
612,male,S,3,21,0,0,7.05,0,Mr.,3,14,n,SOTON/OQ
612,male,S,3,32,0,0,7.05,0,Mr.,3,14,n,SOTON/OQ
613,female,Q,3,6,1,0,15.5,1,Miss.,3,18,n,digit
613,female,Q,3,6,1,0,15.5,1,Miss.,3,18,n,digit
614,male,Q,3,35,0,0,7.75,0,Mr.,2,10,n,digit
614,male,Q,3,35,0,0,7.75,0,Mr.,2,10,n,digit
615,male,S,3,35,0,0,8.05,0,Mr.,3,24,n,digit
615,male,S,3,35,0,0,8.05,0,Mr.,3,24,n,digit
616,female,S,2,24,1,2,65,1,Miss.,2,11,n,digit
616,female,S,2,24,1,2,65,1,Miss.,2,11,n,digit
617,male,S,3,34,1,1,14.4,0,Mr.,3,18,n,digit
617,male,S,3,34,1,1,14.4,0,Mr.,3,18,n,digit
618,female,S,3,26,1,0,16.1,0,Mrs.,4,17,n,A/5
618,female,S,3,26,1,0,16.1,0,Mrs.,4,17,n,A/5
619,female,S,2,4,2,1,39,1,Miss.,3,18,o,digit
619,female,S,2,4,2,1,39,1,Miss.,3,18,o,digit
620,male,S,2,26,0,0,10.5,0,Mr.,2,13,n,digit
620,male,S,2,26,0,0,10.5,0,Mr.,2,13,n,digit
621,male,C,3,27,1,0,14.4542,0,Mr.,2,13,n,digit
621,male,C,3,27,1,0,14.4542,0,Mr.,2,13,n,digit
622,male,S,1,42,1,0,52.5542,1,Mr.,4,20,D,digit
622,male,S,1,42,1,0,52.5542,1,Mr.,4,20,D,digit
623,male,C,3,20,1,1,15.7417,1,Mr.,2,10,n,digit
623,male,C,3,20,1,1,15.7417,1,Mr.,2,10,n,digit
624,male,S,3,21,0,0,7.8542,0,Mr.,3,20,n,digit
624,male,S,3,21,0,0,7.8542,0,Mr.,3,20,n,digit
625,male,S,3,21,0,0,16.1,0,Mr.,4,19,n,digit
625,male,S,3,21,0,0,16.1,0,Mr.,4,19,n,digit
626,male,S,1,61,0,0,32.3208,0,Mr.,2,15,D,digit
626,male,S,1,61,0,0,32.3208,0,Mr.,2,15,D,digit
627,male,Q,2,57,0,0,12.35,0,Rev.,3,22,n,digit
627,male,Q,2,57,0,0,12.35,0,Rev.,3,22,n,digit
628,female,S,1,21,0,0,77.9583,1,Miss.,3,20,D,digit
628,female,S,1,21,0,0,77.9583,1,Miss.,3,20,D,digit
629,male,S,3,26,0,0,7.8958,0,Mr.,2,19,n,digit
629,male,S,3,26,0,0,7.8958,0,Mr.,2,19,n,digit
630,male,Q,3,35,0,0,7.7333,0,Mr.,3,17,n,digit
630,male,Q,3,39,0,0,7.7333,0,Mr.,3,17,n,digit
631,male,S,1,80,0,0,30,1,Mr.,4,28,o,digit
631,male,S,1,80,0,0,30,1,Mr.,4,28,o,digit
632,male,S,3,51,0,0,7.0542,0,Mr.,3,20,n,digit
632,male,S,3,51,0,0,7.0542,0,Mr.,3,20,n,digit
633,male,C,1,32,0,0,30.5,1,Dr.,2,19,B,digit
633,male,C,1,32,0,0,30.5,1,Dr.,2,19,B,digit
634,male,S,1,38,0,0,0,0,Mr.,4,21,n,digit
634,male,S,1,40,0,0,0,0,Mr.,4,21,n,digit
635,female,S,3,9,3,2,27.9,0,Miss.,2,10,n,digit
635,female,S,3,9,3,2,27.9,0,Miss.,2,10,n,digit
636,female,S,2,28,0,0,13,1,Miss.,2,9,n,digit
636,female,S,2,28,0,0,13,1,Miss.,2,9,n,digit
637,male,S,3,32,0,0,7.925,0,Mr.,3,19,n,STON/O 2
637,male,S,3,32,0,0,7.925,0,Mr.,3,19,n,STON/O 2
638,male,S,2,31,1,1,26.25,0,Mr.,2,13,n,CA
638,male,S,2,31,1,1,26.25,0,Mr.,2,13,n,CA
639,female,S,3,41,0,5,39.6875,0,Mrs.,3,10,n,digit
639,female,S,3,41,0,5,39.6875,0,Mrs.,3,10,n,digit
640,male,S,3,18,1,0,16.1,0,Mr.,2,20,n,digit
640,male,S,3,30,1,0,16.1,0,Mr.,2,20,n,digit
641,male,S,3,20,0,0,7.8542,0,Mr.,3,15,n,digit
641,male,S,3,20,0,0,7.8542,0,Mr.,3,15,n,digit
642,female,C,1,24,0,0,69.3,1,Miss.,2,12,B,PC
642,female,C,1,24,0,0,69.3,1,Miss.,2,12,B,PC
643,female,S,3,2,3,2,27.9,0,Miss.,3,20,n,digit
643,female,S,3,2,3,2,27.9,0,Miss.,3,20,n,digit
644,male,S,3,32,0,0,56.4958,1,Mr.,2,9,n,digit
644,male,S,3,32,0,0,56.4958,1,Mr.,2,9,n,digit
645,female,C,3,0.75,2,1,19.2583,1,Miss.,2,14,n,digit
645,female,C,3,0.75,2,1,19.2583,1,Miss.,2,14,n,digit
646,male,C,1,48,1,0,76.7292,1,Mr.,3,18,D,PC
646,male,C,1,48,1,0,76.7292,1,Mr.,3,18,D,PC
647,male,S,3,19,0,0,7.8958,0,Mr.,2,11,n,digit
647,male,S,3,19,0,0,7.8958,0,Mr.,2,11,n,digit
648,male,C,1,56,0,0,35.5,1,Military,3,27,o,digit
648,male,C,1,56,0,0,35.5,1,Military,3,27,o,digit
649,male,S,3,32,0,0,7.55,0,Mr.,2,12,n,other
649,male,S,3,21,0,0,7.55,0,Mr.,2,12,n,other
650,female,S,3,23,0,0,7.55,1,Miss.,4,21,n,CA
650,female,S,3,23,0,0,7.55,1,Miss.,4,21,n,CA
651,male,S,3,21,0,0,7.8958,0,Mr.,2,11,n,digit
651,male,S,3,24,0,0,7.8958,0,Mr.,2,11,n,digit
652,female,S,2,18,0,1,23,1,Miss.,2,11,n,digit
652,female,S,2,18,0,1,23,1,Miss.,2,11,n,digit
653,male,S,3,21,0,0,8.4333,0,Mr.,3,23,n,digit
653,male,S,3,21,0,0,8.4333,0,Mr.,3,23,n,digit
654,female,Q,3,25,0,0,7.8292,1,Miss.,3,20,n,digit
654,female,Q,3,34,0,0,7.8292,1,Miss.,3,20,n,digit
655,female,Q,3,18,0,0,6.75,0,Miss.,3,19,n,digit
655,female,Q,3,18,0,0,6.75,0,Miss.,3,19,n,digit
656,male,S,2,24,2,0,73.5,0,Mr.,3,18,n,SOC
656,male,S,2,24,2,0,73.5,0,Mr.,3,18,n,SOC
657,male,S,3,32,0,0,7.8958,0,Mr.,2,15,n,digit
657,male,S,3,21,0,0,7.8958,0,Mr.,2,15,n,digit
658,female,Q,3,32,1,1,15.5,0,Mrs.,3,10,n,digit
658,female,Q,3,32,1,1,15.5,0,Mrs.,3,10,n,digit
659,male,S,2,23,0,0,13,0,Mr.,3,21,n,digit
659,male,S,2,23,0,0,13,0,Mr.,3,21,n,digit
660,male,C,1,58,0,2,113.275,0,Mr.,3,19,D,digit
660,male,C,1,58,0,2,113.275,0,Mr.,3,19,D,digit
661,male,S,1,50,2,0,133.65,1,Dr.,3,22,n,PC
661,male,S,1,50,2,0,133.65,1,Dr.,3,22,n,PC
662,male,C,3,40,0,0,7.225,0,Mr.,2,11,n,digit
662,male,C,3,40,0,0,7.225,0,Mr.,2,11,n,digit
663,male,S,1,47,0,0,25.5875,0,Mr.,3,19,E,digit
663,male,S,1,47,0,0,25.5875,0,Mr.,3,19,E,digit
664,male,S,3,36,0,0,7.4958,0,Mr.,2,10,n,digit
664,male,S,3,36,0,0,7.4958,0,Mr.,2,10,n,digit
665,male,S,3,20,1,0,7.925,1,Mr.,3,20,n,STON/O 2
665,male,S,3,20,1,0,7.925,1,Mr.,3,20,n,STON/O 2
666,male,S,2,32,2,0,73.5,0,Mr.,2,12,n,SOC
666,male,S,2,32,2,0,73.5,0,Mr.,2,12,n,SOC
667,male,S,2,25,0,0,13,0,Mr.,3,20,n,digit
667,male,S,2,25,0,0,13,0,Mr.,3,20,n,digit
668,male,S,3,21,0,0,7.775,0,Mr.,3,19,n,digit
668,male,S,3,32,0,0,7.775,0,Mr.,3,19,n,digit
669,male,S,3,43,0,0,8.05,0,Mr.,2,9,n,A/5
669,male,S,3,43,0,0,8.05,0,Mr.,2,9,n,A/5
670,female,S,1,28,1,0,52,1,Mrs.,4,17,C,digit
670,female,S,1,27,1,0,52,1,Mrs.,4,17,C,digit
671,female,S,2,40,1,1,39,1,Mrs.,5,25,n,digit
671,female,S,2,40,1,1,39,1,Mrs.,5,25,n,digit
672,male,S,1,31,1,0,52,0,Mr.,2,16,B,other
672,male,S,1,31,1,0,52,0,Mr.,2,16,B,other
673,male,S,2,70,0,0,10.5,0,Mr.,3,20,n,CA
673,male,S,2,70,0,0,10.5,0,Mr.,3,20,n,CA
674,male,S,2,31,0,0,13,1,Mr.,2,15,n,digit
674,male,S,2,31,0,0,13,1,Mr.,2,15,n,digit
675,male,S,2,40,0,0,0,0,Mr.,3,19,n,digit
675,male,S,2,19,0,0,0,0,Mr.,3,19,n,digit
676,male,S,3,18,0,0,7.775,0,Mr.,3,23,n,digit
676,male,S,3,18,0,0,7.775,0,Mr.,3,23,n,digit
677,male,S,3,24.5,0,0,8.05,0,Mr.,3,22,n,digit
677,male,S,3,24.5,0,0,8.05,0,Mr.,3,22,n,digit
678,female,S,3,18,0,0,9.8417,1,Miss.,3,14,n,digit
678,female,S,3,18,0,0,9.8417,1,Miss.,3,14,n,digit
679,female,S,3,43,1,6,46.9,0,Mrs.,3,16,n,CA
679,female,S,3,43,1,6,46.9,0,Mrs.,3,16,n,CA
680,male,C,1,36,0,1,512.3292,1,Mr.,4,26,B,PC
680,male,C,1,36,0,1,512.3292,1,Mr.,4,26,B,PC
681,female,Q,3,23,0,0,8.1375,0,Miss.,2,11,n,digit
681,female,Q,3,23,0,0,8.1375,0,Miss.,2,11,n,digit
682,male,C,1,27,0,0,76.7292,1,Mr.,2,12,D,PC
682,male,C,1,27,0,0,76.7292,1,Mr.,2,12,D,PC
683,male,S,3,20,0,0,9.225,0,Mr.,3,20,n,digit
683,male,S,3,20,0,0,9.225,0,Mr.,3,20,n,digit
684,male,S,3,14,5,2,46.9,0,Mr.,3,20,n,CA
684,male,S,3,14,5,2,46.9,0,Mr.,3,20,n,CA
685,male,S,2,60,1,1,39,0,Mr.,4,25,n,digit
685,male,S,2,60,1,1,39,0,Mr.,4,25,n,digit
686,male,C,2,25,1,2,41.5792,0,Mr.,4,30,n,SC/Paris
686,male,C,2,25,1,2,41.5792,0,Mr.,4,30,n,SC/Paris
687,male,S,3,14,4,1,39.6875,0,Mr.,3,17,n,digit
687,male,S,3,14,4,1,39.6875,0,Mr.,3,17,n,digit
688,male,S,3,19,0,0,10.1708,0,Mr.,2,11,n,digit
688,male,S,3,19,0,0,10.1708,0,Mr.,2,11,n,digit
689,male,S,3,18,0,0,7.7958,0,Mr.,3,24,n,digit
689,male,S,3,18,0,0,7.7958,0,Mr.,3,24,n,digit
690,female,S,1,15,0,1,211.3375,1,Miss.,3,24,B,digit
690,female,S,1,15,0,1,211.3375,1,Miss.,3,24,B,digit
691,male,S,1,31,1,0,57,1,Mr.,3,16,B,digit
691,male,S,1,31,1,0,57,1,Mr.,3,16,B,digit
692,female,C,3,4,0,1,13.4167,1,Miss.,2,10,n,digit
692,female,C,3,4,0,1,13.4167,1,Miss.,2,10,n,digit
693,male,S,3,32,0,0,56.4958,1,Mr.,2,6,n,digit
693,male,S,3,26,0,0,56.4958,1,Mr.,2,6,n,digit
694,male,C,3,25,0,0,7.225,0,Mr.,2,10,n,digit
694,male,C,3,25,0,0,7.225,0,Mr.,2,10,n,digit
695,male,S,1,60,0,0,26.55,0,Military,2,8,n,digit
695,male,S,1,60,0,0,26.55,0,Military,2,8,n,digit
696,male,S,2,52,0,0,13.5,0,Mr.,3,19,n,digit
696,male,S,2,52,0,0,13.5,0,Mr.,3,19,n,digit
697,male,S,3,44,0,0,8.05,0,Mr.,2,10,n,digit
697,male,S,3,44,0,0,8.05,0,Mr.,2,10,n,digit
698,female,Q,3,25,0,0,7.7333,1,Miss.,3,23,n,digit
698,female,Q,3,25,0,0,7.7333,1,Miss.,3,23,n,digit
699,male,C,1,49,1,1,110.8833,0,Mr.,3,17,C,digit
699,male,C,1,49,1,1,110.8833,0,Mr.,3,17,C,digit
700,male,S,3,42,0,0,7.65,0,Mr.,5,31,o,digit
700,male,S,3,42,0,0,7.65,0,Mr.,5,31,o,digit
701,female,C,1,18,1,0,227.525,1,Mrs.,4,14,C,PC
701,female,C,1,18,1,0,227.525,1,Mrs.,4,14,C,PC
702,male,S,1,35,0,0,26.2875,1,Mr.,3,25,E,PC
702,male,S,1,35,0,0,26.2875,1,Mr.,3,25,E,PC
703,female,C,3,18,0,1,14.4542,0,Miss.,2,13,n,digit
703,female,C,3,18,0,1,14.4542,0,Miss.,2,13,n,digit
704,male,Q,3,25,0,0,7.7417,0,Mr.,2,15,n,digit
704,male,Q,3,25,0,0,7.7417,0,Mr.,2,15,n,digit
705,male,S,3,26,1,0,7.8542,0,Mr.,3,16,n,digit
705,male,S,3,26,1,0,7.8542,0,Mr.,3,16,n,digit
706,male,S,2,39,0,0,26,0,Mr.,4,17,n,digit
706,male,S,2,39,0,0,26,0,Mr.,4,17,n,digit
707,female,S,2,45,0,0,13.5,1,Mrs.,3,21,n,digit
707,female,S,2,45,0,0,13.5,1,Mrs.,3,21,n,digit
708,male,S,1,42,0,0,26.2875,1,Mr.,3,26,E,PC
708,male,S,1,42,0,0,26.2875,1,Mr.,3,26,E,PC
709,female,S,1,22,0,0,151.55,1,Miss.,2,12,n,digit
709,female,S,1,22,0,0,151.55,1,Miss.,2,12,n,digit
710,male,C,3,2,1,1,15.2458,1,Master.,4,19,n,digit
710,male,C,3,7,1,1,15.2458,1,Master.,4,19,n,digit
711,female,C,1,24,0,0,49.5042,1,Miss.,4,19,C,PC
711,female,C,1,24,0,0,49.5042,1,Miss.,4,19,C,PC
712,male,S,1,39,0,0,26.55,0,Mr.,2,12,C,digit
712,male,S,1,38,0,0,26.55,0,Mr.,2,12,C,digit
713,male,S,1,48,1,0,52,1,Mr.,3,17,C,digit
713,male,S,1,48,1,0,52,1,Mr.,3,17,C,digit
714,male,S,3,29,0,0,9.4833,0,Mr.,3,19,n,digit
714,male,S,3,29,0,0,9.4833,0,Mr.,3,19,n,digit
715,male,S,2,52,0,0,13,0,Mr.,2,15,n,digit
715,male,S,2,52,0,0,13,0,Mr.,2,15,n,digit
716,male,S,3,19,0,0,7.65,0,Mr.,5,33,o,digit
716,male,S,3,19,0,0,7.65,0,Mr.,5,33,o,digit
717,female,C,1,38,0,0,227.525,1,Miss.,3,20,C,PC
717,female,C,1,38,0,0,227.525,1,Miss.,3,20,C,PC
718,female,S,2,27,0,0,10.5,1,Miss.,4,25,E,digit
718,female,S,2,27,0,0,10.5,1,Miss.,4,25,E,digit
719,male,Q,3,39,0,0,15.5,0,Mr.,2,13,n,digit
719,male,Q,3,35,0,0,15.5,0,Mr.,2,13,n,digit
720,male,S,3,33,0,0,7.775,0,Mr.,3,21,n,digit
720,male,S,3,33,0,0,7.775,0,Mr.,3,21,n,digit
721,female,S,2,6,0,1,33,1,Miss.,4,23,n,digit
721,female,S,2,6,0,1,33,1,Miss.,4,23,n,digit
722,male,S,3,17,1,0,7.0542,0,Mr.,3,18,n,digit
722,male,S,3,17,1,0,7.0542,0,Mr.,3,18,n,digit
723,male,S,2,34,0,0,13,0,Mr.,3,21,n,digit
723,male,S,2,34,0,0,13,0,Mr.,3,21,n,digit
724,male,S,2,50,0,0,13,0,Mr.,3,16,n,digit
724,male,S,2,50,0,0,13,0,Mr.,3,16,n,digit
725,male,S,1,27,1,0,53.1,1,Mr.,3,22,E,digit
725,male,S,1,27,1,0,53.1,1,Mr.,3,22,E,digit
726,male,S,3,20,0,0,8.6625,0,Mr.,2,13,n,digit
726,male,S,3,20,0,0,8.6625,0,Mr.,2,13,n,digit
727,female,S,2,30,3,0,21,1,Mrs.,4,16,n,digit
727,female,S,2,30,3,0,21,1,Mrs.,4,16,n,digit
728,female,Q,3,0.67,0,0,7.7375,1,Miss.,2,16,n,digit
728,female,Q,3,25,0,0,7.7375,1,Miss.,2,16,n,digit
729,male,S,2,25,1,0,26,0,Mr.,4,23,n,digit
729,male,S,2,25,1,0,26,0,Mr.,4,23,n,digit
730,female,S,3,25,1,0,7.925,0,Miss.,3,20,n,STON/O2
730,female,S,3,25,1,0,7.925,0,Miss.,3,20,n,STON/O2
731,female,S,1,29,0,0,211.3375,1,Miss.,3,20,B,digit
731,female,S,1,29,0,0,211.3375,1,Miss.,3,20,B,digit
732,male,C,3,11,0,0,18.7875,0,Mr.,4,16,n,digit
732,male,C,3,11,0,0,18.7875,0,Mr.,4,16,n,digit
733,male,S,2,19,0,0,0,0,Mr.,3,13,n,digit
733,male,S,2,40,0,0,0,0,Mr.,3,13,n,digit
734,male,S,2,23,0,0,13,0,Mr.,3,19,n,digit
734,male,S,2,23,0,0,13,0,Mr.,3,19,n,digit
735,male,S,2,23,0,0,13,0,Mr.,3,21,n,digit
735,male,S,2,23,0,0,13,0,Mr.,3,21,n,digit
736,male,S,3,28.5,0,0,16.1,0,Mr.,2,14,n,digit
736,male,S,3,28.5,0,0,16.1,0,Mr.,2,14,n,digit
737,female,S,3,48,1,3,34.375,0,Mrs.,3,10,n,W/C
737,female,S,3,48,1,3,34.375,0,Mrs.,3,10,n,W/C
738,male,C,1,35,0,0,512.3292,1,Mr.,3,15,B,PC
738,male,C,1,35,0,0,512.3292,1,Mr.,3,15,B,PC
739,male,S,3,32,0,0,7.8958,0,Mr.,2,12,n,digit
739,male,S,3,24,0,0,7.8958,0,Mr.,2,12,n,digit
740,male,S,3,21,0,0,7.8958,0,Mr.,2,12,n,digit
740,male,S,3,24,0,0,7.8958,0,Mr.,2,12,n,digit
741,male,S,1,27,0,0,30,1,Mr.,3,20,D,digit
741,male,S,1,57,0,0,30,1,Mr.,3,20,D,digit
742,male,S,1,36,1,0,78.85,0,Mr.,3,22,C,digit
742,male,S,1,36,1,0,78.85,0,Mr.,3,22,C,digit
743,female,C,1,21,2,2,262.375,1,Miss.,4,27,B,PC
743,female,C,1,21,2,2,262.375,1,Miss.,4,27,B,PC
744,male,S,3,24,1,0,16.1,0,Mr.,2,11,n,digit
744,male,S,3,24,1,0,16.1,0,Mr.,2,11,n,digit
745,male,S,3,31,0,0,7.925,1,Mr.,2,12,n,STON/O 2
745,male,S,3,31,0,0,7.925,1,Mr.,2,12,n,STON/O 2
746,male,S,1,70,1,1,71,0,Military,3,19,B,other
746,male,S,1,70,1,1,71,0,Military,3,19,B,other
747,male,S,3,16,1,1,20.25,0,Mr.,3,20,n,CA
747,male,S,3,16,1,1,20.25,0,Mr.,3,20,n,CA
748,female,S,2,30,0,0,13,1,Miss.,2,13,n,digit
748,female,S,2,30,0,0,13,1,Miss.,2,13,n,digit
749,male,S,1,19,1,0,53.1,0,Mr.,3,18,D,digit
749,male,S,1,19,1,0,53.1,0,Mr.,3,18,D,digit
750,male,Q,3,31,0,0,7.75,0,Mr.,2,17,n,digit
750,male,Q,3,31,0,0,7.75,0,Mr.,2,17,n,digit
751,female,S,2,4,1,1,23,1,Miss.,2,9,n,digit
751,female,S,2,4,1,1,23,1,Miss.,2,9,n,digit
752,male,S,3,6,0,1,12.475,1,Master.,2,9,E,digit
752,male,S,3,6,0,1,12.475,1,Master.,2,9,E,digit
753,male,S,3,33,0,0,9.5,0,Mr.,4,24,n,digit
753,male,S,3,33,0,0,9.5,0,Mr.,4,24,n,digit
754,male,S,3,23,0,0,7.8958,0,Mr.,2,12,n,digit
754,male,S,3,23,0,0,7.8958,0,Mr.,2,12,n,digit
755,female,S,2,48,1,2,65,1,Mrs.,3,12,n,digit
755,female,S,2,48,1,2,65,1,Mrs.,3,12,n,digit
756,male,S,2,0.67,1,1,14.5,1,Master.,2,15,n,digit
756,male,S,2,0.67,1,1,14.5,1,Master.,2,15,n,digit
757,male,S,3,28,0,0,7.7958,0,Mr.,3,21,n,digit
757,male,S,3,28,0,0,7.7958,0,Mr.,3,21,n,digit
758,male,S,2,18,0,0,11.5,0,Mr.,3,17,n,digit
758,male,S,2,18,0,0,11.5,0,Mr.,3,17,n,digit
759,male,S,3,34,0,0,8.05,0,Mr.,3,21,n,digit
759,male,S,3,34,0,0,8.05,0,Mr.,3,21,n,digit
760,female,S,1,33,0,0,86.5,1,Nobility,4,11,B,digit
760,female,S,1,33,0,0,86.5,1,Nobility,4,11,B,digit
761,male,S,3,21,0,0,14.5,0,Mr.,2,12,n,digit
761,male,S,3,24,0,0,14.5,0,Mr.,2,12,n,digit
762,male,S,3,41,0,0,7.125,0,Mr.,4,22,n,other
762,male,S,3,41,0,0,7.125,0,Mr.,4,22,n,other
763,male,C,3,20,0,0,7.2292,1,Mr.,3,14,n,digit
763,male,C,3,20,0,0,7.2292,1,Mr.,3,14,n,digit
764,female,S,1,36,1,2,120,1,Mrs.,4,19,B,digit
764,female,S,1,36,1,2,120,1,Mrs.,4,19,B,digit
765,male,S,3,16,0,0,7.775,0,Mr.,3,15,n,digit
765,male,S,3,16,0,0,7.775,0,Mr.,3,15,n,digit
766,female,S,1,51,1,0,77.9583,1,Mrs.,4,13,D,digit
766,female,S,1,51,1,0,77.9583,1,Mrs.,4,13,D,digit
767,male,C,1,54,0,0,39.6,0,Dr.,3,18,n,digit
767,male,C,1,21,0,0,39.6,0,Dr.,3,18,n,digit
768,female,Q,3,30.5,0,0,7.75,0,Miss.,2,10,n,digit
768,female,Q,3,30.5,0,0,7.75,0,Miss.,2,10,n,digit
769,male,Q,3,18,1,0,24.15,0,Mr.,3,12,n,digit
769,male,Q,3,40,1,0,24.15,0,Mr.,3,12,n,digit
770,male,S,3,32,0,0,8.3625,0,Mr.,3,25,n,digit
770,male,S,3,32,0,0,8.3625,0,Mr.,3,25,n,digit
771,male,S,3,24,0,0,9.5,0,Mr.,3,15,n,digit
771,male,S,3,24,0,0,9.5,0,Mr.,3,15,n,digit
772,male,S,3,48,0,0,7.8542,0,Mr.,3,16,n,digit
772,male,S,3,48,0,0,7.8542,0,Mr.,3,16,n,digit
773,female,S,2,57,0,0,10.5,0,Mrs.,2,4,E,other
773,female,S,2,57,0,0,10.5,0,Mrs.,2,4,E,other
774,male,C,3,18,0,0,7.225,0,Mr.,2,9,n,digit
774,male,C,3,18,0,0,7.225,0,Mr.,2,9,n,digit
775,female,S,2,54,1,3,23,1,Mrs.,3,16,n,digit
775,female,S,2,54,1,3,23,1,Mrs.,3,16,n,digit
776,male,S,3,18,0,0,7.75,0,Mr.,5,30,n,digit
776,male,S,3,18,0,0,7.75,0,Mr.,5,30,n,digit
777,male,Q,3,35,0,0,7.75,0,Mr.,2,10,o,digit
777,male,Q,3,39,0,0,7.75,0,Mr.,2,10,o,digit
778,female,S,3,5,0,0,12.475,1,Miss.,3,20,n,digit
778,female,S,3,5,0,0,12.475,1,Miss.,3,20,n,digit
779,male,Q,3,35,0,0,7.7375,0,Mr.,3,16,n,digit
779,male,Q,3,35,0,0,7.7375,0,Mr.,3,16,n,digit
780,female,S,1,43,0,1,211.3375,1,Mrs.,4,17,B,digit
780,female,S,1,43,0,1,211.3375,1,Mrs.,4,17,B,digit
781,female,C,3,13,0,0,7.2292,1,Miss.,2,12,n,digit
781,female,C,3,13,0,0,7.2292,1,Miss.,2,12,n,digit
782,female,S,1,17,1,0,57,1,Mrs.,4,16,B,digit
782,female,S,1,17,1,0,57,1,Mrs.,4,16,B,digit
783,male,S,1,29,0,0,30,0,Mr.,3,15,D,digit
783,male,S,1,29,0,0,30,0,Mr.,3,15,D,digit
784,male,S,3,24,1,2,23.45,0,Mr.,3,15,n,W/C
784,male,S,3,24,1,2,23.45,0,Mr.,3,15,n,W/C
785,male,S,3,25,0,0,7.05,0,Mr.,2,10,n,SOTON/OQ
785,male,S,3,25,0,0,7.05,0,Mr.,2,10,n,SOTON/OQ
786,male,S,3,25,0,0,7.25,0,Mr.,3,13,n,digit
786,male,S,3,25,0,0,7.25,0,Mr.,3,13,n,digit
787,female,S,3,18,0,0,7.4958,1,Miss.,3,16,n,digit
787,female,S,3,18,0,0,7.4958,1,Miss.,3,16,n,digit
788,male,Q,3,8,4,1,29.125,0,Master.,3,14,n,digit
788,male,Q,3,8,4,1,29.125,0,Master.,3,14,n,digit
789,male,S,3,1,1,2,20.575,1,Master.,3,15,n,CA
789,male,S,3,1,1,2,20.575,1,Master.,3,15,n,CA
790,male,C,1,46,0,0,79.2,0,Mr.,2,18,B,PC
790,male,C,1,46,0,0,79.2,0,Mr.,2,18,B,PC
791,male,Q,3,39,0,0,7.75,0,Mr.,3,17,n,digit
791,male,Q,3,35,0,0,7.75,0,Mr.,3,17,n,digit
792,male,S,2,16,0,0,26,0,Mr.,2,13,n,digit
792,male,S,2,16,0,0,26,0,Mr.,2,13,n,digit
793,female,S,3,3,8,2,69.55,0,Miss.,3,14,n,CA
793,female,S,3,5,8,2,69.55,0,Miss.,3,14,n,CA
794,male,C,1,54,0,0,30.6958,0,Mr.,3,17,n,PC
794,male,C,1,21,0,0,30.6958,0,Mr.,3,17,n,PC
795,male,S,3,25,0,0,7.8958,0,Mr.,2,15,n,digit
795,male,S,3,25,0,0,7.8958,0,Mr.,2,15,n,digit
796,male,S,2,39,0,0,13,0,Mr.,2,12,n,digit
796,male,S,2,39,0,0,13,0,Mr.,2,12,n,digit
797,female,S,1,49,0,0,25.9292,1,Dr.,3,11,D,digit
797,female,S,1,49,0,0,25.9292,1,Dr.,3,11,D,digit
798,female,S,3,31,0,0,8.6833,1,Mrs.,2,9,n,digit
798,female,S,3,31,0,0,8.6833,1,Mrs.,2,9,n,digit
799,male,C,3,30,0,0,7.2292,0,Mr.,3,21,n,digit
799,male,C,3,30,0,0,7.2292,0,Mr.,3,21,n,digit
800,female,S,3,30,1,1,24.15,0,Mrs.,5,19,n,digit
800,female,S,3,30,1,1,24.15,0,Mrs.,5,19,n,digit
801,male,S,2,34,0,0,13,0,Mr.,2,14,n,digit
801,male,S,2,34,0,0,13,0,Mr.,2,14,n,digit
802,female,S,2,31,1,1,26.25,1,Mrs.,3,13,n,CA
802,female,S,2,31,1,1,26.25,1,Mrs.,3,13,n,CA
803,male,S,1,11,1,2,120,1,Master.,4,23,B,digit
803,male,S,1,11,1,2,120,1,Master.,4,23,B,digit
804,male,C,3,0.42,0,1,8.5167,1,Master.,3,20,n,digit
804,male,C,3,0.42,0,1,8.5167,1,Master.,3,20,n,digit
805,male,S,3,27,0,0,6.975,1,Mr.,3,16,n,digit
805,male,S,3,27,0,0,6.975,1,Mr.,3,16,n,digit
806,male,S,3,31,0,0,7.775,0,Mr.,3,18,n,digit
806,male,S,3,31,0,0,7.775,0,Mr.,3,18,n,digit
807,male,S,1,39,0,0,0,0,Mr.,3,15,o,digit
807,male,S,1,39,0,0,0,0,Mr.,3,15,o,digit
808,female,S,3,18,0,0,7.775,0,Miss.,3,22,n,digit
808,female,S,3,18,0,0,7.775,0,Miss.,3,22,n,digit
809,male,S,2,39,0,0,13,0,Mr.,2,11,n,digit
809,male,S,2,39,0,0,13,0,Mr.,2,11,n,digit
810,female,S,1,33,1,0,53.1,1,Mrs.,4,22,E,digit
810,female,S,1,33,1,0,53.1,1,Mrs.,4,22,E,digit
811,male,S,3,26,0,0,7.8875,0,Mr.,2,16,n,digit
811,male,S,3,26,0,0,7.8875,0,Mr.,2,16,n,digit
812,male,S,3,39,0,0,24.15,0,Mr.,2,11,n,A/4
812,male,S,3,39,0,0,24.15,0,Mr.,2,11,n,A/4
813,male,S,2,35,0,0,10.5,0,Mr.,3,18,n,digit
813,male,S,2,35,0,0,10.5,0,Mr.,3,18,n,digit
814,female,S,3,6,4,2,31.275,0,Miss.,4,24,n,digit
814,female,S,3,6,4,2,31.275,0,Miss.,4,24,n,digit
815,male,S,3,30.5,0,0,8.05,0,Mr.,3,19,n,digit
815,male,S,3,30.5,0,0,8.05,0,Mr.,3,19,n,digit
816,male,S,1,40,0,0,0,0,Mr.,2,10,B,digit
816,male,S,1,38,0,0,0,0,Mr.,2,10,B,digit
817,female,S,3,23,0,0,7.925,0,Miss.,3,19,n,STON/O2
817,female,S,3,23,0,0,7.925,0,Miss.,3,19,n,STON/O2
818,male,C,2,31,1,1,37.0042,0,Mr.,2,12,n,SC/PARIS
818,male,C,2,31,1,1,37.0042,0,Mr.,2,12,n,SC/PARIS
819,male,S,3,43,0,0,6.45,0,Mr.,4,24,n,C
819,male,S,3,43,0,0,6.45,0,Mr.,4,24,n,C
820,male,S,3,10,3,2,27.9,0,Master.,3,17,n,digit
820,male,S,3,10,3,2,27.9,0,Master.,3,17,n,digit
821,female,S,1,52,1,1,93.5,1,Mrs.,4,19,B,digit
821,female,S,1,52,1,1,93.5,1,Mrs.,4,19,B,digit
822,male,S,3,27,0,0,8.6625,1,Mr.,2,11,n,digit
822,male,S,3,27,0,0,8.6625,1,Mr.,2,11,n,digit
823,male,S,1,38,0,0,0,0,Nobility,3,18,n,digit
823,male,S,1,38,0,0,0,0,Nobility,3,18,n,digit
824,female,S,3,27,0,1,12.475,1,Mrs.,2,4,E,digit
824,female,S,3,27,0,1,12.475,1,Mrs.,2,4,E,digit
825,male,S,3,2,4,1,39.6875,0,Master.,3,17,n,digit
825,male,S,3,2,4,1,39.6875,0,Master.,3,17,n,digit
826,male,Q,3,35,0,0,6.95,0,Mr.,2,9,n,digit
826,male,Q,3,35,0,0,6.95,0,Mr.,2,9,n,digit
827,male,S,3,23,0,0,56.4958,0,Mr.,2,6,n,digit
827,male,S,3,44,0,0,56.4958,0,Mr.,2,6,n,digit
828,male,C,2,1,0,2,37.0042,1,Master.,2,11,n,SC/PARIS
828,male,C,2,1,0,2,37.0042,1,Master.,2,11,n,SC/PARIS
829,male,Q,3,14,0,0,7.75,1,Mr.,3,21,n,digit
829,male,Q,3,14,0,0,7.75,1,Mr.,3,21,n,digit
830,female,S,1,62,0,0,80,1,Mrs.,4,17,B,digit
830,female,S,1,62,0,0,80,1,Mrs.,4,17,B,digit
831,female,C,3,15,1,0,14.4542,1,Mrs.,3,13,n,digit
831,female,C,3,15,1,0,14.4542,1,Mrs.,3,13,n,digit
832,male,S,2,0.83,1,1,18.75,1,Master.,3,20,n,digit
832,male,S,2,0.83,1,1,18.75,1,Master.,3,20,n,digit
833,male,C,3,40,0,0,7.2292,0,Mr.,2,8,n,digit
833,male,C,3,45,0,0,7.2292,0,Mr.,2,8,n,digit
834,male,S,3,23,0,0,7.8542,0,Mr.,2,16,n,digit
834,male,S,3,23,0,0,7.8542,0,Mr.,2,16,n,digit
835,male,S,3,18,0,0,8.3,0,Mr.,3,15,n,digit
835,male,S,3,18,0,0,8.3,0,Mr.,3,15,n,digit
836,female,C,1,39,1,1,83.1583,1,Miss.,3,18,E,PC
836,female,C,1,39,1,1,83.1583,1,Miss.,3,18,E,PC
837,male,S,3,21,0,0,8.6625,0,Mr.,2,10,n,digit
837,male,S,3,21,0,0,8.6625,0,Mr.,2,10,n,digit
838,male,S,3,24,0,0,8.05,0,Mr.,2,13,n,digit
838,male,S,3,32,0,0,8.05,0,Mr.,2,13,n,digit
839,male,S,3,32,0,0,56.4958,1,Mr.,2,9,n,digit
839,male,S,3,32,0,0,56.4958,1,Mr.,2,9,n,digit
840,male,C,1,16,0,0,29.7,1,Mr.,2,14,C,digit
840,male,C,1,16,0,0,29.7,1,Mr.,2,14,C,digit
841,male,S,3,20,0,0,7.925,0,Mr.,3,20,n,other
841,male,S,3,20,0,0,7.925,0,Mr.,3,20,n,other
842,male,S,2,16,0,0,10.5,0,Mr.,3,17,n,other
842,male,S,2,16,0,0,10.5,0,Mr.,3,17,n,other
843,female,C,1,30,0,0,31,1,Miss.,2,15,n,digit
843,female,C,1,30,0,0,31,1,Miss.,2,15,n,digit
844,male,C,3,34.5,0,0,6.4375,0,Mr.,3,19,n,digit
844,male,C,3,34.5,0,0,6.4375,0,Mr.,3,19,n,digit
845,male,S,3,17,0,0,8.6625,0,Mr.,2,13,n,digit
845,male,S,3,17,0,0,8.6625,0,Mr.,2,13,n,digit
846,male,S,3,42,0,0,7.55,0,Mr.,2,13,n,CA
846,male,S,3,42,0,0,7.55,0,Mr.,2,13,n,CA
847,male,S,3,5,8,2,69.55,0,Mr.,3,17,n,CA
847,male,S,3,17,8,2,69.55,0,Mr.,3,17,n,CA
848,male,C,3,35,0,0,7.8958,0,Mr.,2,12,n,digit
848,male,C,3,35,0,0,7.8958,0,Mr.,2,12,n,digit
849,male,S,2,28,0,1,33,0,Rev.,2,10,n,digit
849,male,S,2,28,0,1,33,0,Rev.,2,10,n,digit
850,female,C,1,63,1,0,89.1042,1,Mrs.,4,17,C,digit
850,female,C,1,51,1,0,89.1042,1,Mrs.,4,17,C,digit
851,male,S,3,4,4,2,31.275,0,Master.,4,27,n,digit
851,male,S,3,4,4,2,31.275,0,Master.,4,27,n,digit
852,male,S,3,74,0,0,7.775,0,Mr.,2,13,n,digit
852,male,S,3,74,0,0,7.775,0,Mr.,2,13,n,digit
853,female,C,3,9,1,1,15.2458,0,Miss.,2,15,n,digit
853,female,C,3,9,1,1,15.2458,0,Miss.,2,15,n,digit
854,female,S,1,16,0,1,39.4,1,Miss.,3,16,D,PC
854,female,S,1,16,0,1,39.4,1,Miss.,3,16,D,PC
855,female,S,2,44,1,0,26,0,Mrs.,4,21,n,digit
855,female,S,2,44,1,0,26,0,Mrs.,4,21,n,digit
856,female,S,3,18,0,1,9.35,1,Mrs.,3,6,n,digit
856,female,S,3,18,0,1,9.35,1,Mrs.,3,6,n,digit
857,female,S,1,45,1,1,164.8667,1,Mrs.,4,17,n,digit
857,female,S,1,45,1,1,164.8667,1,Mrs.,4,17,n,digit
858,male,S,1,51,0,0,26.55,1,Mr.,4,14,E,digit
858,male,S,1,51,0,0,26.55,1,Mr.,4,14,E,digit
859,female,C,3,24,0,3,19.2583,1,Mrs.,3,14,n,digit
859,female,C,3,24,0,3,19.2583,1,Mrs.,3,14,n,digit
860,male,C,3,40,0,0,7.2292,0,Mr.,2,10,n,digit
860,male,C,3,18,0,0,7.2292,0,Mr.,2,10,n,digit
861,male,S,3,41,2,0,14.1083,0,Mr.,3,16,n,digit
861,male,S,3,41,2,0,14.1083,0,Mr.,3,16,n,digit
862,male,S,2,21,1,0,11.5,0,Mr.,3,20,n,digit
862,male,S,2,21,1,0,11.5,0,Mr.,3,20,n,digit
863,female,S,1,48,0,0,25.9292,1,Mrs.,4,18,D,digit
863,female,S,1,48,0,0,25.9292,1,Mrs.,4,18,D,digit
864,female,S,3,3,8,2,69.55,0,Miss.,4,23,n,CA
864,female,S,3,17,8,2,69.55,0,Miss.,4,23,n,CA
865,male,S,2,24,0,0,13,0,Mr.,3,15,n,digit
865,male,S,2,24,0,0,13,0,Mr.,3,15,n,digit
866,female,S,2,42,0,0,13,1,Mrs.,2,7,n,digit
866,female,S,2,42,0,0,13,1,Mrs.,2,7,n,digit
867,female,C,2,27,1,0,13.8583,1,Miss.,4,18,n,SC/PARIS
867,female,C,2,27,1,0,13.8583,1,Miss.,4,18,n,SC/PARIS
868,male,S,1,31,0,0,50.4958,0,Mr.,4,28,o,PC
868,male,S,1,31,0,0,50.4958,0,Mr.,4,28,o,PC
869,male,S,3,21,0,0,9.5,0,Mr.,3,20,n,digit
869,male,S,3,21,0,0,9.5,0,Mr.,3,20,n,digit
870,male,S,3,4,1,1,11.1333,1,Master.,3,20,n,digit
870,male,S,3,4,1,1,11.1333,1,Master.,3,20,n,digit
871,male,S,3,26,0,0,7.8958,0,Mr.,2,11,n,digit
871,male,S,3,26,0,0,7.8958,0,Mr.,2,11,n,digit
872,female,S,1,47,1,1,52.5542,1,Mrs.,4,22,D,digit
872,female,S,1,47,1,1,52.5542,1,Mrs.,4,22,D,digit
873,male,S,1,33,0,0,5,0,Mr.,3,17,B,digit
873,male,S,1,33,0,0,5,0,Mr.,3,17,B,digit
874,male,S,3,47,0,0,9,0,Mr.,3,20,n,digit
874,male,S,3,47,0,0,9,0,Mr.,3,20,n,digit
875,female,C,2,28,1,0,24,1,Mrs.,3,13,n,other
875,female,C,2,28,1,0,24,1,Mrs.,3,13,n,other
876,female,C,3,15,0,0,7.225,1,Miss.,4,22,n,digit
876,female,C,3,15,0,0,7.225,1,Miss.,4,22,n,digit
877,male,S,3,20,0,0,9.8458,0,Mr.,3,22,n,digit
877,male,S,3,20,0,0,9.8458,0,Mr.,3,22,n,digit
878,male,S,3,19,0,0,7.8958,0,Mr.,2,14,n,digit
878,male,S,3,19,0,0,7.8958,0,Mr.,2,14,n,digit
879,male,S,3,24,0,0,7.8958,0,Mr.,2,12,n,digit
879,male,S,3,21,0,0,7.8958,0,Mr.,2,12,n,digit
880,female,C,1,56,0,1,83.1583,1,Mrs.,4,14,C,digit
880,female,C,1,56,0,1,83.1583,1,Mrs.,4,14,C,digit
881,female,S,2,25,0,1,26,1,Mrs.,3,14,n,digit
881,female,S,2,25,0,1,26,1,Mrs.,3,14,n,digit
882,male,S,3,33,0,0,7.8958,0,Mr.,2,12,n,digit
882,male,S,3,33,0,0,7.8958,0,Mr.,2,12,n,digit
883,female,S,3,22,0,0,10.5167,0,Miss.,3,19,n,digit
883,female,S,3,22,0,0,10.5167,0,Miss.,3,19,n,digit
884,male,S,2,28,0,0,10.5,0,Mr.,3,22,n,other
884,male,S,2,28,0,0,10.5,0,Mr.,3,22,n,other
885,male,S,3,25,0,0,7.05,0,Mr.,3,15,n,SOTON/OQ
885,male,S,3,25,0,0,7.05,0,Mr.,3,15,n,SOTON/OQ
886,female,Q,3,39,0,5,29.125,0,Mrs.,3,11,n,digit
886,female,Q,3,39,0,5,29.125,0,Mrs.,3,11,n,digit
887,male,S,2,27,0,0,13,0,Rev.,2,14,n,digit
887,male,S,2,27,0,0,13,0,Rev.,2,14,n,digit
888,female,S,1,19,0,0,30,1,Miss.,3,19,B,digit
888,female,S,1,19,0,0,30,1,Miss.,3,19,B,digit
889,female,S,3,2,1,2,23.45,0,Miss.,4,30,n,W/C
889,female,S,3,24,1,2,23.45,0,Miss.,4,30,n,W/C
890,male,C,1,26,0,0,30,1,Mr.,3,14,C,digit
890,male,C,1,26,0,0,30,1,Mr.,3,14,C,digit
891,male,Q,3,32,0,0,7.75,0,Mr.,2,13,n,digit
891,male,Q,3,32,0,0,7.75,0,Mr.,2,13,n,digit
